Country Name;Country Code;1960;1961;1962;1963;1964;1965;1966;1967;1968;1969;1970;1971;1972;1973;1974;1975;1976;1977;1978;1979;1980;1981;1982;1983;1984;1985;1986;1987;1988;1989;1990;1991;1992;1993;1994;1995;1996;1997;1998;1999;2000;2001;2002;2003;2004;2005;2006;2007;2008;2009;2010;2011
Afghanistan;AFG;30,813;31,169;31,537;31,92;32,316;32,722;33,135;33,551;33,968;34,385;34,805;35,233;35,67;36,117;36,57;37,021;37,461;37,884;38,283;38,658;39,01;39,34;39,658;39,971;40,283;40,599;40,922;41,252;41,588;41,929;42,272;42,615;42,951;43,28;43,599;43,908;44,208;44,501;44,791;45,079;45,362;45,64;45,911;46,179;46,448;46,725;47,021;47,339;47,683;48,052;48,442;
Albania;ALB;63,247;64,325;65,261;66,017;66,585;66,987;67,273;67,517;67,779;68,084;68,441;68,84;69,247;69,64;70,014;70,37;70,711;71,046;71,383;71,726;72,087;72,48;72,903;73,344;73,786;74,187;74,499;74,697;74,776;74,748;74,651;74,535;74,459;74,469;74,59;74,84;75,22;75,696;76,23;76,795;77,358;77,888;78,365;78,775;79,109;79,367;79,559;79,711;79,844;79,97;80,095;80,223
Algeria;DZA;48,061;48,595;49,146;49,718;50,31;50,918;51,532;52,147;52,757;53,362;53,967;54,579;55,205;55,851;56,517;57,201;57,896;58,595;59,296;60,003;60,73;61,499;62,32;63,186;64,081;64,975;65,829;66,61;67,295;67,872;68,341;68,711;69,013;69,278;69,525;69,773;70,037;70,321;70,625;70,952;71,298;71,657;72,015;72,361;72,692;73,005;73,3;73,583;73,857;74,124;74,384;74,638
American Samoa;ASM;;;;;;;;;;;;;;;;;;;;;;;;;;;;;;;;;;;;;;;;;;;;;;;;;;;;
Andorra;AND;;;;;;;;;;;;;;;;;;;;;;;;;;;;;;;;;;;;;;;;;;;;;;;;;;;;
Angola;AGO;34,504;34,91;35,316;35,723;36,129;36,536;36,945;37,356;37,768;38,179;38,59;39,003;39,413;39,817;40,205;40,565;40,88;41,143;41,355;41,522;41,661;41,793;41,941;42,114;42,315;42,53;42,736;42,911;43,045;43,139;43,203;43,251;43,308;43,402;43,555;43,797;44,156;44,631;45,213;45,884;46,615;47,367;48,101;48,785;49,402;49,948;50,429;50,872;51,3;51,72;52,138;52,558
Antigua and Barbuda;ATG;64,3;;;;;;;;;;68,8;;;;;;;;;;;;74,22;;;;;75,18;;;;;77,13;;;;;77,6;;;;;78,2;;;;;;;;;
Argentina;ARG;68,109;68,315;68,487;68,635;68,77;68,907;69,061;69,238;69,444;69,682;69,95;70,241;70,543;70,846;71,146;71,444;71,743;72,047;72,357;72,668;72,972;73,258;73,521;73,756;73,966;74,156;74,336;74,518;74,711;74,918;75,14;75,375;75,616;75,857;76,097;76,335;76,572;76,81;77,047;77,285;77,52;77,751;77,977;78,196;78,406;78,607;78,798;78,98;79,155;79,324;79,49;79,655
Armenia;ARM;69,006;69,427;69,852;70,279;70,704;71,125;71,543;71,95;72,338;72,698;73,014;73,268;73,454;73,574;73,633;73,656;73,675;73,711;73,768;73,836;73,868;73,799;73,592;73,235;72,751;72,196;71,647;71,184;70,867;70,722;70,75;70,925;71,187;71,488;71,81;72,15;72,518;72,93;73,386;73,874;74,373;74,858;75,308;75,706;76,043;76,315;76,527;76,695;76,837;76,962;77,078;77,191
Aruba;ABW;67,129;67,625;68,065;68,458;68,817;69,165;69,526;69,917;70,345;70,811;71,306;71,815;72,312;72,779;73,204;73,579;73,902;74,183;74,43;74,647;74,839;75,01;75,164;75,305;75,436;75,556;75,663;75,754;75,827;75,886;75,932;75,969;76,002;76,033;76,066;76,1;76,133;76,164;76,192;76,221;76,257;76,307;76,376;76,465;76,576;76,704;76,846;76,994;77,142;77,287;77,425;77,558
Australia;AUS;74;74,2;74,2;74,2;74,2;74,2;74,2;74,26;74,32;74,38;74,44;74,5;74,92;75,34;75,76;76,18;76,6;76,94;77,28;77,62;77,96;78,3;78,48;78,66;78,84;79,02;79,2;79,44;79,68;79,92;80,16;80,4;80,4;80,9;80,9;80,8;81,1;81,4;81,5;81,8;82;82,4;82,6;82,8;83;83,3;83,5;83,7;83,7;83,9;84;
Austria;AUT;71,92;72,84;72,48;72,65;73,2;72,99;73,37;73,37;73,52;73,27;73,43;73,67;74,04;74,58;74,64;74,69;75,07;75,45;75,66;75,97;76,05;76,41;76,59;76,6;77,2;77,31;77,67;78,06;78,54;78,69;78,89;79,02;79,2;79,41;79,73;80,05;80,19;80,64;80,8;80,9;81,1;81,6;81,7;81,5;82,1;82,2;82,7;82,8;83;82,9;83,2;
Azerbaijan;AZE;64,501;64,907;65,316;65,727;66,136;66,544;66,952;67,355;67,744;68,107;68,426;68,68;68,86;68,965;68,999;68,97;68,892;68,787;68,682;68,594;68,553;68,583;68,685;68,847;69,052;69,259;69,412;69,477;69,437;69,299;69,099;68,891;68,733;68,668;68,709;68,846;69,047;69,268;69,478;69,674;69,877;70,122;70,438;70,837;71,305;71,811;72,305;72,745;73,098;73,357;73,53;
Bahamas, The;BHS;65,622;66,282;66,874;67,379;67,791;68,116;68,376;68,602;68,824;69,053;69,295;69,548;69,8;70,043;70,279;70,513;70,75;70,996;71,251;71,512;71,777;72,04;72,294;72,528;72,733;72,893;72,988;73,018;72,991;72,921;72,837;72,77;72,749;72,795;72,917;73,107;73,349;73,615;73,887;74,162;74,451;74,776;75,153;75,586;76,063;76,559;77,04;77,476;77,85;78,156;78,409;78,633
Bahrain;BHR;55,211;56,517;57,815;59,082;60,301;61,457;62,542;63,559;64,509;65,391;66,204;66,948;67,63;68,258;68,836;69,37;69,864;70,319;70,74;71,13;71,492;71,825;72,129;72,405;72,654;72,877;73,075;73,25;73,403;73,54;73,664;73,778;73,886;73,99;74,093;74,196;74,299;74,402;74,502;74,601;74,696;74,788;74,876;74,962;75,047;75,134;75,229;75,333;75,447;75,571;75,703;75,838
Bangladesh;BGD;46,728;47,159;47,651;48,175;48,665;48,932;48,751;48,035;46,819;45,236;43,61;42,353;41,788;42,093;43,276;45,171;47,47;49,765;51,734;53,243;54,255;54,846;55,232;55,589;55,977;56,431;56,952;57,501;58,049;58,598;59,15;59,708;60,274;60,848;61,427;62,01;62,594;63,173;63,744;64,301;64,842;65,363;65,865;66,347;66,81;67,256;67,685;68,101;68,507;68,904;69,294;69,678
Barbados;BRB;66,942;67,548;68,076;68,537;68,944;69,315;69,663;70,001;70,339;70,686;71,049;71,431;71,824;72,22;72,613;72,997;73,362;73,704;74,021;74,312;74,584;74,843;75,099;75,357;75,62;75,884;76,146;76,398;76,634;76,853;77,052;77,231;77,394;77,544;77,685;77,821;77,956;78,093;78,234;78,379;78,526;78,672;78,813;78,948;79,076;79,2;79,324;79,453;79,588;79,73;79,877;80,027
Belarus;BLR;72,836;73,116;73,367;73,592;73,795;73,986;74,178;74,378;74,589;74,807;75,022;75,219;75,383;75,504;75,578;75,605;75,586;75,535;75,466;75,391;75,326;75,289;75,285;75,312;75,366;75,5;75,98;75,6;75,9;76,3;75,6;75,5;75,4;74,4;74,3;74,3;74,4;74,3;74,4;73,9;74,7;74,5;74,1;74,7;75;75,1;75,5;76,15;76,5;76,4;76,5;
Belgium;BEL;72,954;73,038;73,115;73,199;73,3;73,426;73,578;73,75;73,937;74,137;74,349;74,569;74,796;75,026;75,258;75,486;75,707;75,921;76,131;76,34;76,56;76,804;77,077;77,381;77,71;78,05;78,383;78,693;78,966;79,199;79,4;79,4;79,6;79,8;79,9;80,1;80,2;80,5;81,1;81,4;81,4;81,7;81,7;81,7;81,9;82,3667;82,8333;82,3;82,3;82,4;82,6;
Belize;BLZ;62,015;62,513;63,012;63,51;64,01;64,51;65,013;65,519;66,025;66,531;67,033;67,531;68,021;68,5;68,967;69,419;69,856;70,278;70,685;71,076;71,449;71,799;72,128;72,436;72,725;73,001;73,271;73,538;73,804;74,067;74,322;74,561;74,775;74,959;75,11;75,223;75,294;75,329;75,341;75,342;75,353;75,395;75,483;75,624;75,817;76,054;76,318;76,588;76,847;77,088;77,312;
Benin;BEN;37,578;37,919;38,248;38,579;38,925;39,319;39,794;40,365;41,033;41,786;42,6;43,439;44,262;45,032;45,73;46,341;46,865;47,323;47,732;48,102;48,434;48,731;48,997;49,243;49,484;49,741;50,034;50,374;50,763;51,199;51,671;52,163;52,653;53,12;53,55;53,933;54,264;54,548;54,796;55,011;55,197;55,356;55,497;55,633;55,777;55,946;56,157;56,416;56,727;57,088;57,493;57,928
Bermuda;BMU;;;;;;72,35;;;;;73,86;;;;;;;;;;76,1;;;;;;;;;;;78,25;;;;;;;;;80,6;;;;;81,34;81,488;81,636;81,784;81,932;82,08;
Bhutan;BTN;37,464;37,735;38,031;38,352;38,699;39,07;39,467;39,89;40,337;40,809;41,306;41,828;42,375;42,945;43,537;44,15;44,786;45,442;46,115;46,799;47,484;48,16;48,821;49,467;50,101;50,731;51,366;52,021;52,704;53,422;54,18;54,978;55,811;56,669;57,549;58,45;59,375;60,32;61,272;62,216;63,129;63,988;64,778;65,491;66,124;66,681;67,174;67,624;68,049;68,462;68,868;69,271
Bolivia;BOL;44,771;45,091;45,413;45,738;46,066;46,393;46,712;47,025;47,337;47,657;47,997;48,374;48,8;49,282;49,823;50,424;51,084;51,787;52,518;53,267;54,019;54,765;55,5;56,216;56,909;57,572;58,208;58,82;59,413;59,986;60,539;61,07;61,58;62,069;62,539;62,991;63,428;63,851;64,262;64,664;65,056;65,438;65,808;66,169;66,52;66,865;67,205;67,543;67,88;68,217;68,555;68,893
Bosnia and Herzegovina;BIH;61,851;62,589;63,29;63,961;64,606;65,231;65,84;66,432;67,011;67,58;68,145;68,711;69,277;69,838;70,389;70,917;71,407;71,85;72,24;72,577;72,874;73,149;73,417;73,681;73,935;74,144;74,258;74,257;74,141;73,937;73,71;73,539;73,494;73,613;73,902;74,339;74,872;75,424;75,93;76,36;76,697;76,94;77,12;77,265;77,384;77,49;77,591;77,694;77,802;77,92;78,049;78,184
Botswana;BWA;52,417;52,761;53,092;53,415;53,738;54,072;54,43;54,822;55,257;55,739;56,273;56,861;57,494;58,157;58,839;59,522;60,192;60,836;61,446;62,015;62,55;63,068;63,579;64,081;64,561;65,015;65,437;65,801;66,064;66,18;66,068;65,643;64,877;63,774;62,365;60,676;58,752;56,7;54,652;52,728;51,102;49,935;49,273;49,103;49,381;49,982;50,725;51,42;51,921;52,17;52,164;51,969
Brazil;BRA;56,415;56,881;57,333;57,77;58,194;58,61;59,023;59,44;59,862;60,291;60,724;61,152;61,572;61,981;62,386;62,798;63,232;63,7;64,205;64,744;65,307;65,879;66,442;66,982;67,493;67,974;68,429;68,87;69,306;69,74;70,174;70,609;71,043;71,472;71,894;72,304;72,698;73,074;73,43;73,764;74,075;74,361;74,626;74,875;75,114;75,35;75,594;75,85;76,119;76,401;76,689;76,975
Brunei Darussalam;BRN;63,892;64,441;64,979;65,506;66,023;66,528;67,021;67,501;67,968;68,422;68,863;69,29;69,705;70,109;70,503;70,887;71,262;71,628;71,987;72,338;72,682;73,02;73,352;73,677;73,997;74,311;74,62;74,924;75,223;75,519;75,81;76,098;76,382;76,663;76,941;77,218;77,495;77,774;78,052;78,326;78,591;78,842;79,073;79,283;79,472;79,64;79,791;79,931;80,065;80,195;80,325;80,454
Bulgaria;BGR;71,03;72,06;71,3;72,02;72,96;73,23;73,18;72,56;73,32;72,74;73,51;73,24;73,23;73,77;73,6;73,58;73,92;73,5;73,72;74,11;73,99;74,43;74,08;74,48;74,66;74,46;75,06;74,81;74,99;75,19;75,15;74,88;75,09;75,26;75,25;74,9;74,58;73,87;74,8;75,1;75,3;75,2;75,4;75,6;76,2;76,3;76,3;76,3;76,6;77,1;77,2;
Burkina Faso;BFA;36,991;37,504;38,009;38,508;39,001;39,494;39,99;40,491;41,001;41,521;42,051;42,591;43,14;43,692;44,244;44,798;45,355;45,913;46,464;47;47,503;47,959;48,358;48,694;48,966;49,175;49,328;49,438;49,524;49,597;49,669;49,749;49,841;49,948;50,077;50,229;50,401;50,589;50,793;51,02;51,281;51,592;51,959;52,383;52,858;53,372;53,907;54,445;54,97;55,472;55,945;56,391
Burundi;BDI;42,852;43,167;43,489;43,814;44,136;44,438;44,702;44,921;45,093;45,229;45,347;45,475;45,637;45,851;46,124;46,46;46,857;47,292;47,741;48,184;48,61;49,01;49,374;49,682;49,91;50,006;49,916;49,63;49,165;48,559;47,88;47,216;46,646;46,234;46,008;45,974;46,106;46,341;46,622;46,928;47,242;47,559;47,888;48,237;48,604;48,992;49,404;49,843;50,309;50,796;51,296;51,803
Cambodia;KHM;43,868;44,369;44,915;45,481;46,024;46,473;46,75;46,794;46,558;46,017;45,073;43,621;41,728;39,559;37,326;35,418;34,273;34,147;35,138;37,2;40,112;43,512;46,926;49,965;52,431;54,219;55,36;56,075;56,558;56,876;57,086;57,221;57,294;57,326;57,358;57,419;57,527;57,678;57,874;58,125;58,445;58,843;59,311;59,837;60,41;61,013;61,628;62,237;62,826;63,387;63,913;64,409
Cameroon;CMR;42,878;43,316;43,752;44,185;44,616;45,052;45,502;45,973;46,468;46,988;47,53;48,09;48,659;49,226;49,785;50,33;50,859;51,37;51,86;52,325;52,76;53,165;53,538;53,874;54,168;54,415;54,608;54,746;54,824;54,839;54,782;54,644;54,428;54,142;53,797;53,403;52,969;52,513;52,057;51,624;51,236;50,907;50,645;50,462;50,368;50,382;50,52;50,774;51,131;51,573;52,081;52,628
Canada;CAN;74,15;74,45;74,43;74,5;75,08;75,14;75,39;75,66;75,78;76,01;76,25;76,63;76,55;76,83;76,91;77,23;77,59;77,97;78,32;78,59;78,73;79,11;79,23;79,55;79,78;79,73;79,8;80,12;80,2;80,4;80,65;80,77;80,02;80,83;80,93;81,02;81,15;81,4;81,5;81,7;81,9;82,1;82,1;82,4;82,6;82,7;83;83,14;83,28;83,023;83,158;
Cape Verde;CPV;49,89;50,152;50,407;50,663;50,928;51,221;51,565;51,973;52,453;53,006;53,627;54,304;55,015;55,741;56,472;57,198;57,916;58,63;59,343;60,056;60,774;61,502;62,243;62,999;63,764;64,535;65,302;66,058;66,794;67,503;68,179;68,816;69,418;69,988;70,532;71,054;71,564;72,067;72,57;73,077;73,595;74,134;74,686;75,241;75,785;76,292;76,733;77,091;77,36;77,543;77,657;77,727
Cayman Islands;CYM;;;;;;;;;;;;;;;;;;;;;;;;;;;;;;;;;;;;;;;;;;;;;;;;;;;;
Central African Republic;CAF;38,094;38,525;38,966;39,426;39,911;40,433;41,006;41,633;42,313;43,041;43,814;44,624;45,456;46,29;47,11;47,901;48,655;49,365;50,022;50,611;51,118;51,535;51,858;52,087;52,22;52,258;52,204;52,068;51,855;51,572;51,207;50,747;50,19;49,551;48,856;48,131;47,405;46,713;46,092;45,577;45,202;44,992;44,943;45,05;45,306;45,71;46,253;46,909;47,644;48,429;49,237;50,042
Chad;TCD;42,161;42,542;42,927;43,316;43,706;44,094;44,473;44,843;45,201;45,55;45,892;46,233;46,578;46,933;47,3;47,684;48,09;48,514;48,951;49,395;49,842;50,287;50,721;51,134;51,511;51,837;52,099;52,292;52,411;52,456;52,426;52,325;52,165;51,96;51,722;51,457;51,167;50,858;50,543;50,237;49,96;49,728;49,554;49,444;49,408;49,451;49,576;49,772;50,023;50,321;50,651;51,003
Channel Islands;CHI;73,61;73,741;73,871;74,007;74,152;74,304;74,456;74,599;74,729;74,845;74,95;75,049;75,149;75,256;75,375;75,512;75,669;75,846;76,038;76,244;76,455;76,664;76,865;77,053;77,229;77,396;77,56;77,729;77,906;78,093;78,285;78,475;78,656;78,825;78,982;79,132;79,28;79,434;79,6;79,78;79,976;80,189;80,412;80,641;80,871;81,097;81,313;81,516;81,705;81,879;82,037;82,181
Chile;CHL;59,734;60,206;60,704;61,232;61,786;62,361;62,949;63,545;64,144;64,748;65,362;65,997;66,66;67,356;68,082;68,837;69,62;70,418;71,215;71,994;72,731;73,404;74,001;74,519;74,959;75,328;75,641;75,921;76,189;76,457;76,73;77,007;77,282;77,553;77,824;78,109;78,421;78,765;79,14;79,538;79,941;80,327;80,675;80,973;81,215;81,405;81,551;81,673;81,788;81,904;82,026;82,156
China;CHN;45,101;45,629;46,628;48,15;50,154;52,529;55,099;57,645;59,977;61,988;63,606;64,823;65,735;66,433;66,956;67,348;67,646;67,886;68,1;68,317;68,556;68,82;69,093;69,36;69,623;69,882;70,135;70,38;70,618;70,846;71,067;71,28;71,486;71,687;71,884;72,074;72,257;72,433;72,603;72,768;72,934;73,105;73,283;73,471;73,67;73,88;74,102;74,331;74,564;74,799;75,033;
Colombia;COL;58,459;58,992;59,484;59,946;60,387;60,814;61,23;61,635;62,031;62,425;62,819;63,212;63,607;64,012;64,437;64,908;65,453;66,079;66,779;67,535;68,311;69,059;69,738;70,32;70,793;71,163;71,449;71,691;71,921;72,154;72,399;72,655;72,912;73,163;73,409;73,65;73,89;74,128;74,366;74,604;74,845;75,089;75,334;75,58;75,826;76,069;76,309;76,543;76,771;76,991;77,202;77,405
Comoros;COM;44,998;45,386;45,768;46,146;46,528;46,926;47,36;47,838;48,359;48,918;49,5;50,082;50,641;51,162;51,64;52,073;52,472;52,854;53,232;53,614;54,006;54,414;54,832;55,254;55,672;56,077;56,454;56,794;57,094;57,354;57,577;57,772;57,954;58,132;58,314;58,503;58,7;58,9;59,1;59,3;59,496;59,683;59,862;60,037;60,215;60,41;60,641;60,916;61,24;61,612;62,022;
Congo, Dem. Rep.;COD;42,465;42,681;42,9;43,127;43,367;43,63;43,924;44,247;44,593;44,952;45,31;45,647;45,949;46,207;46,419;46,59;46,733;46,862;46,992;47,127;47,266;47,404;47,531;47,642;47,736;47,821;47,91;48,008;48,111;48,208;48,265;48,238;48,109;47,878;47,569;47,231;46,933;46,732;46,667;46,748;46,958;47,257;47,585;47,896;48,172;48,412;48,628;48,849;49,097;49,375;49,683;50,015
Congo, Rep.;COG;49,862;50,552;51,206;51,82;52,392;52,92;53,405;53,851;54,264;54,649;55,008;55,346;55,663;55,963;56,25;56,526;56,795;57,057;57,308;57,547;57,777;57,999;58,21;58,398;58,552;58,643;58,645;58,544;58,34;58,043;57,672;57,255;56,827;56,423;56,065;55,769;55,536;55,358;55,228;55,153;55,139;55,198;55,329;55,531;55,797;56,121;56,496;56,908;57,342;57,787;58,233;58,671
Costa Rica;CRI;63,033;63,632;64,232;64,83;65,426;66,016;66,596;67,168;67,731;68,288;68,845;69,408;69,984;70,573;71,175;71,789;72,415;73,045;73,668;74,274;74,847;75,376;75,852;76,273;76,64;76,955;77,226;77,467;77,691;77,906;78,12;78,336;78,554;78,772;78,992;79,211;79,43;79,644;79,851;80,049;80,237;80,414;80,581;80,739;80,889;81,032;81,17;81,303;81,434;81,561;81,687;81,81
Cote d'Ivoire;CIV;41,424;41,61;41,782;41,951;42,136;42,373;42,701;43,144;43,711;44,398;45,188;46,053;46,95;47,839;48,696;49,511;50,285;51,028;51,742;52,416;53,032;53,573;54,028;54,387;54,645;54,797;54,846;54,803;54,684;54,5;54,255;53,949;53,59;53,194;52,783;52,38;52,002;51,669;51,398;51,212;51,132;51,172;51,331;51,601;51,977;52,455;53,027;53,676;54,377;55,11;55,852;56,587
Croatia;HRV;68,4;68,915;69,388;69,823;70,224;70,596;70,945;71,276;71,593;71,9;72,201;72,498;72,787;73,065;73,331;73,49;73,8;74,13;74,16;74,11;74,15;74,15;74,36;74,27;74,27;74,83;75,24;75,24;75,34;75,64;75,93;75,95;75,8;76,04;76,28;76,52;76,76;76,9;76,22;76,55;76,68;78,17;78,4;78,23;79,08;78,83;79,33;79,25;79,6;79,6;79,6;
Cuba;CUB;65,399;66,001;66,615;67,241;67,873;68,504;69,123;69,722;70,295;70,837;71,35;71,84;72,312;72,771;73,213;73,635;74,026;74,381;74,696;74,97;75,207;75,41;75,589;75,749;75,895;76,022;76,122;76,194;76,242;76,276;76,316;76,387;76,502;76,671;76,891;77,149;77,421;77,684;77,921;78,132;78,327;78,527;78,754;79,02;79,323;79,649;79,98;80,291;80,567;80,801;80,995;81,157
Curacao;CUW;;;;;;;;;;;;;;;;;;;;;;;;;;;;;;;;;;;;;;;;;;;;;;;;;;;;
Cyprus;CYP;71,644;71,982;72,309;72,625;72,932;73,23;73,52;73,801;74,074;74,34;74,599;74,851;75,095;75,333;75,564;75,789;76,008;76,221;76,428;76,631;76,828;77,022;77,211;77,395;77,576;77,754;77,928;78,099;78,268;78,433;78,596;78,757;78,914;79,069;79,22;79,37;79,516;79,661;79,803;79,944;80,081;80,213;80,34;80,464;80,588;80,718;80,862;81,025;81,207;81,404;81,611;81,816
Czech Republic;CZE;73,34;73,55;72,86;73,48;73,63;73,39;73,75;73,66;73,38;73,06;73;73,37;73,68;73,69;73,59;74;74,2;74,21;74,26;74,34;73,93;74,41;74,47;74,31;74,51;74,77;74,68;75,2;75,36;75,43;75,42;75,75;76,19;76,43;76,64;76,65;77,3;77,4;78,1;78,1;78,4;78,4;78,5;78,5;79;79,1;79,7;79,9;80,1;80,1;80,6;
Denmark;DNK;74;74,4;74,43;74,48;74,79;74,65;74,79;75,35;75,58;75,7;75,93;76,16;76,21;76,53;76,82;77,01;76,69;77,68;77,42;77,4;77,18;77,36;77,65;77,55;77,62;77,47;77,53;77,79;77,64;77,75;77,73;77,98;77,96;77,77;78,1;77,83;78,26;78,46;78,7;78,8;79;79,2;79,2;79,5;79,9;80,2;80,4;80,5;80,7;80,8;81,2;
Djibouti;DJI;40,132;40,598;41,064;41,534;42,007;42,484;42,963;43,442;43,917;44,386;44,847;45,294;45,728;46,151;46,569;46,991;47,433;47,901;48,395;48,91;49,431;49,938;50,415;50,847;51,23;51,566;51,861;52,132;52,393;52,65;52,907;53,163;53,417;53,665;53,909;54,149;54,382;54,609;54,834;55,063;55,306;55,573;55,87;56,201;56,565;56,956;57,366;57,783;58,2;58,613;59,023;59,435
Dominica;DMA;;;;;;;;;;;;;;;;;;;;;;;73;;;;;73,5;;;;;76;;;;;78;;;;;78,8;;;;;;;;;
Dominican Republic;DOM;53,292;54,041;54,776;55,497;56,204;56,897;57,579;58,249;58,908;59,552;60,176;60,775;61,347;61,887;62,398;62,876;63,321;63,739;64,138;64,529;64,925;65,341;65,786;66,263;66,774;67,322;67,902;68,502;69,106;69,698;70,258;70,765;71,212;71,595;71,917;72,186;72,417;72,631;72,847;73,074;73,321;73,589;73,87;74,156;74,446;74,736;75,021;75,299;75,566;75,819;76,055;76,272
Ecuador;ECU;54,441;55,085;55,69;56,246;56,752;57,213;57,637;58,042;58,447;58,86;59,291;59,742;60,212;60,7;61,211;61,75;62,322;62,926;63,56;64,219;64,897;65,589;66,286;66,979;67,661;68,325;68,968;69,591;70,194;70,776;71,34;71,887;72,421;72,944;73,457;73,961;74,462;74,955;75,436;75,898;76,33;76,717;77,052;77,334;77,565;77,753;77,91;78,052;78,192;78,339;78,495;78,659
Egypt, Arab Rep.;EGY;46,834;47,256;47,685;48,12;48,565;49,017;49,475;49,938;50,407;50,886;51,381;51,899;52,446;53,023;53,627;54,254;54,897;55,547;56,195;56,836;57,465;58,077;58,676;59,266;59,852;60,441;61,041;61,658;62,299;62,964;63,658;64,382;65,129;65,889;66,657;67,422;68,18;68,921;69,639;70,324;70,966;71,56;72,104;72,6;73,05;73,453;73,812;74,136;74,431;74,703;74,959;75,201
El Salvador;SLV;53,707;54,534;55,323;56,07;56,773;57,43;58,044;58,619;59,16;59,667;60,143;60,584;60,993;61,37;61,721;62,04;62,316;62,557;62,779;63,008;63,291;63,679;64,2;64,865;65,666;66,586;67,591;68,625;69,633;70,576;71,415;72,123;72,704;73,171;73,529;73,794;73,992;74,151;74,301;74,458;74,632;74,823;75,02;75,215;75,408;75,6;75,794;75,99;76,188;76,388;76,589;76,79
Equatorial Guinea;GNQ;38,285;38,587;38,889;39,192;39,495;39,799;40,103;40,408;40,714;41,02;41,325;41,628;41,928;42,227;42,526;42,827;43,132;43,445;43,767;44,1;44,445;44,803;45,173;45,552;45,938;46,334;46,74;47,155;47,573;47,987;48,385;48,758;49,098;49,398;49,653;49,855;49,996;50,085;50,133;50,155;50,17;50,202;50,268;50,378;50,54;50,753;51,009;51,291;51,582;51,878;52,172;52,465
Eritrea;ERI;40,901;41,34;41,776;42,208;42,636;43,066;43,505;43,951;44,399;44,838;45,249;45,612;45,912;46,139;46,292;46,364;46,351;46,274;46,161;46,042;45,958;45,947;46,036;46,24;46,571;47,029;47,6;48,253;48,96;49,704;50,479;51,286;52,125;52,992;53,868;54,731;55,558;56,336;57,056;57,714;58,315;58,871;59,402;59,925;60,444;60,963;61,479;61,982;62,467;62,933;63,38;63,808
Estonia;EST;72,579;72,947;73,264;73,533;73,756;73,943;74,103;74,241;74,365;74,475;74,569;74,638;74,676;74,68;74,654;74,601;74,527;74,444;74,361;74,289;74,239;74,1;74,3;74,6;74,4;74,4;74,9;75,1;75;74,7;74,7;74,7;74,6;73,8;72,8;74,1;75,4;75,7;75,3;75,8;76;76,2;77;76,9;77,8;78,1;78,3;78,5;79,2;80,1;80,5;
Ethiopia;ETH;39,909;40,596;41,245;41,839;42,369;42,83;43,228;43,58;43,9;44,196;44,479;44,759;45,035;45,302;45,551;45,75;45,86;45,865;45,772;45,605;45,416;45,271;45,227;45,323;45,57;45,957;46,45;46,991;47,533;48,053;48,541;48,998;49,442;49,889;50,342;50,799;51,255;51,711;52,171;52,645;53,154;53,722;54,36;55,067;55,834;56,641;57,461;58,26;59,014;59,707;60,328;60,877
Faeroe Islands;FRO;;;;;;;;;;;;;;76,7;;;;;78,7;;;;;79,5;78,9;79;79,1;79,4;79,4;79,8;79,8;80,2;80,1;80,5;80,5;80,9;81,5;81,5;81,4;81,9;81,4;81,1;81,3;81,4;81,3;82;82,3;82,5;82,9;;;
Fiji;FJI;58,033;58,438;58,833;59,218;59,594;59,962;60,323;60,677;61,024;61,364;61,696;62,017;62,327;62,627;62,918;63,206;63,493;63,786;64,085;64,391;64,704;65,02;65,335;65,645;65,948;66,244;66,532;66,814;67,092;67,366;67,635;67,901;68,164;68,423;68,679;68,932;69,182;69,429;69,673;69,914;70,156;70,401;70,65;70,9;71,148;71,382;71,59;71,766;71,908;72,02;72,11;72,192
Finland;FIN;72,4;72,24;72,24;72,68;72,96;72,85;73,17;73,59;73,55;73,56;74,4;74,32;75,02;75,69;75,55;76,14;76,31;76,96;77,43;77,55;77,85;78,09;78,58;78,36;78,76;78,51;78,76;78,71;78,69;78,9;78,88;79,32;79,43;79,48;80,15;80,21;80,54;80,51;80,84;81,02;81;81,5;81,5;81,8;82,3;82,3;82,8;82,9;83;83,1;83,2;
France;FRA;73,3;73,6;73,9;74,1;74,3;74,5;74,7;74,9;75,1;75,3;75,5;75,8;76;76,3;76,6;76,9;77,2;77,5;77,7;78;78,2;78,5;78,7;79;79,2;79,5;79,8;80;80,3;80,6;80,8;81,1;81,3;81,5;81,9;81,9;82;82,3;82,4;82,5;82,8;82,9;83;82,9;83,8;83,7;84,1;84,4;84,3;84,5;84,8;
French Polynesia;PYF;57,888;58,354;58,781;59,202;59,636;60,087;60,547;60,992;61,405;61,788;62,139;62,459;62,76;63,059;63,376;63,744;64,199;64,754;65,405;66,141;66,927;67,719;68,471;69,148;69,734;70,227;70,64;71,008;71,356;71,696;72,031;72,358;72,672;72,969;73,253;73,534;73,822;74,122;74,439;74,769;75,106;75,44;75,759;76,056;76,326;76,571;76,794;77,004;77,207;77,406;77,602;77,794
Gabon;GAB;41,178;41,537;41,983;42,534;43,194;43,952;44,787;45,66;46,54;47,409;48,258;49,083;49,896;50,705;51,512;52,321;53,135;53,958;54,788;55,624;56,468;57,325;58,187;59,04;59,863;60,629;61,309;61,884;62,341;62,673;62,88;62,97;62,968;62,896;62,768;62,584;62,331;62,014;61,65;61,272;60,932;60,683;60,562;60,586;60,761;61,073;61,491;61,964;62,447;62,915;63,35;63,75
Gambia, The;GMB;34,988;35,225;35,461;35,709;35,986;36,326;36,763;37,317;37,993;38,785;39,676;40,635;41,623;42,605;43,562;44,486;45,381;46,262;47,137;48,002;48,857;49,699;50,521;51,309;52,047;52,707;53,259;53,694;54,013;54,228;54,362;54,448;54,524;54,622;54,761;54,951;55,193;55,468;55,759;56,06;56,364;56,663;56,955;57,239;57,516;57,792;58,075;58,373;58,69;59,026;59,377;59,736
Georgia;GEO;67,346;67,746;68,148;68,552;68,954;69,348;69,729;70,092;70,435;70,758;71,068;71,376;71,687;72,001;72,313;72,604;72,851;73,039;73,164;73,231;73,257;73,269;73,294;73,351;73,446;73,574;73,723;73,87;73,998;74,102;74,18;74,232;74,269;74,303;74,344;74,406;74,502;74,638;74,813;75,023;75,255;75,492;75,717;75,916;76,087;76,231;76,358;76,481;76,612;76,753;76,904;
Germany;DEU;72,296;72,561;72,799;73,009;73,191;73,339;73,446;73,517;73,559;73,588;73,627;73,701;73,828;74,016;74,265;74,567;74,902;75,246;75,577;75,887;76,173;76,441;76,704;76,968;77,235;77,5;77,758;78,003;78,232;78,446;78,65;78,7;79,2;79,2;79,6;79,7;79,9;80,3;80,6;80,8;81;81,3;81,2;81,3;81,6;81,8;82;82,3;82,4;82,5;82,6;
Ghana;GHA;46,682;47,035;47,336;47,595;47,83;48,07;48,348;48,682;49,085;49,556;50,087;50,658;51,238;51,8;52,327;52,808;53,238;53,625;53,977;54,297;54,583;54,834;55,056;55,26;55,462;55,693;55,989;56,36;56,804;57,302;57,808;58,261;58,615;58,845;58,953;58,962;58,914;58,874;58,894;59,004;59,233;59,594;60,064;60,616;61,232;61,886;62,548;63,193;63,797;64,347;64,834;65,261
Greece;GRC;70,382;70,72;71,052;71,38;71,704;72,023;72,335;72,638;72,931;73,218;73,5;73,782;74,069;74,362;74,665;74,979;75,305;75,642;75,984;76,329;76,671;77,005;77,328;77,636;77,929;78,207;78,473;78,73;78,982;79,3;79,5;79,8;80,2;79,9;80,2;80,3;80,4;80,8;80,4;80,6;80,5;81;81,1;81,3;81,6;81,8;82;82;82,5;82,8;83;
Greenland;GRL;;;;;;;;;;;;;;;;;;;67;;;;;;;;;;;;;;67,8;;;;;68;68;68;69;70;72,5;;;;;71;70,7;;;
Grenada;GRD;65,82;65,892;65,964;66,036;66,108;66,18;66,252;66,324;66,397;66,469;66,541;66,612;66,684;66,754;66,825;66,891;66,95;67,001;67,049;67,1;67,159;67,233;67,33;67,463;67,646;67,907;68,273;68,75;69,326;69,981;70,676;71,36;71,99;72,537;72,988;73,35;73,648;73,923;74,206;74,507;74,827;75,155;75,475;75,771;76,042;76,286;76,506;76,711;76,906;77,095;77,28;77,462
Guam;GUM;63,438;63,939;64,437;64,933;65,423;65,908;66,386;66,857;67,318;67,769;68,206;68,628;69,034;69,424;69,798;70,156;70,499;70,83;71,149;71,46;71,762;72,058;72,347;72,63;72,907;73,179;73,447;73,709;73,965;74,215;74,457;74,691;74,917;75,133;75,342;75,545;75,745;75,944;76,143;76,343;76,543;76,742;76,938;77,13;77,316;77,5;77,681;77,861;78,04;78,22;78,398;78,572
Guatemala;GTM;46,657;47,214;47,789;48,38;48,989;49,625;50,302;51,025;51,791;52,588;53,396;54,192;54,952;55,661;56,313;56,907;57,448;57,958;58,455;58,95;59,454;59,975;60,513;61,069;61,644;62,237;62,845;63,462;64,082;64,702;65,324;65,949;66,579;67,213;67,846;68,477;69,101;69,712;70,304;70,867;71,391;71,864;72,282;72,649;72,967;73,245;73,497;73,735;73,971;74,212;74,462;74,717
Guinea;GIN;33,073;33,133;33,181;33,224;33,271;33,344;33,464;33,647;33,902;34,232;34,633;35,093;35,594;36,114;36,642;37,172;37,697;38,222;38,747;39,271;39,791;40,309;40,825;41,34;41,855;42,369;42,885;43,402;43,917;44,427;44,923;45,393;45,834;46,249;46,646;47,044;47,463;47,923;48,432;48,992;49,595;50,228;50,868;51,497;52,104;52,683;53,233;53,761;54,273;54,769;55,252;55,72
Guinea-Bissau;GNB;35,864;36,138;36,412;36,684;36,956;37,228;37,5;37,772;38,044;38,316;38,582;38,835;39,075;39,305;39,53;39,764;40,024;40,321;40,658;41,032;41,433;41,848;42,255;42,639;42,99;43,3;43,567;43,798;44,002;44,185;44,351;44,507;44,658;44,812;44,975;45,154;45,355;45,577;45,817;46,074;46,339;46,602;46,856;47,098;47,333;47,573;47,833;48,126;48,46;48,836;49,248;49,684
Guyana;GUY;54,981;55,244;55,465;55,652;55,815;55,978;56,168;56,402;56,692;57,04;57,433;57,852;58,27;58,671;59,048;59,409;59,767;60,141;60,539;60,958;61,389;61,816;62,222;62,593;62,925;63,214;63,463;63,684;63,89;64,09;64,295;64,511;64,746;65,003;65,29;65,611;65,971;66,365;66,791;67,246;67,734;68,259;68,817;69,397;69,987;70,566;71,114;71,617;72,066;72,458;72,798;73,096
Haiti;HTI;43,482;44,06;44,632;45,198;45,751;46,285;46,787;47,253;47,682;48,077;48,448;48,806;49,165;49,535;49,922;50,325;50,743;51,165;51,584;51,997;52,403;52,799;53,188;53,572;53,953;54,336;54,726;55,125;55,534;55,951;56,375;56,803;57,23;57,647;58,049;58,424;58,76;59,055;59,314;59,543;59,755;59,967;60,196;60,453;60,745;61,073;61,433;61,812;62,197;62,582;62,96;63,326
Honduras;HND;47,919;48,641;49,353;50,046;50,717;51,363;51,986;52,595;53,198;53,804;54,418;55,048;55,697;56,366;57,057;57,772;58,508;59,261;60,024;60,795;61,574;62,366;63,169;63,976;64,776;65,55;66,277;66,946;67,551;68,095;68,591;69,06;69,523;69,994;70,476;70,959;71,426;71,858;72,242;72,575;72,859;73,101;73,318;73,525;73,73;73,944;74,175;74,42;74,678;74,947;75,223;75,498
Hong Kong SAR, China;HKG;70,771;71,344;71,885;72,384;72,841;73,256;73,637;73,996;74,343;74,685;75,025;75,3;75,4;75,9;76,3;76,8;76,2;76,7;76,7;76,9;77,9;78,5;78,4;78,4;79;79,2;79,4;79,7;79,9;80;80,3;80,7;80,7;80,9;81,5;81,5;82,7;83,2;83;83,2;83,9;84,6;84,5;84,3;84,7;84,5;85,5;85,5;85,5;85,9;85,9;
Hungary;HUN;70,18;71,2;70,14;71,22;71,86;71,54;72,24;72,05;71,95;72,06;72,12;72,1;72,62;72,54;72,27;72,44;72,59;73,08;72,8;73,17;72,77;72,95;73,23;73,02;73,19;73,08;73,23;73,8;74,08;73,8;73,7;73,91;73,86;73,88;74,31;74,55;74,79;75,22;75,186;75,21;75,6;76,5;76,6;76,5;76,9;76,9;77,4;77,3;77,8;77,9;78,1;
Iceland;ISL;75,833;75,952;76,047;76,123;76,186;76,242;76,296;76,356;76,434;76,537;76,686;76,896;77,17;77,5;77,874;78,27;78,659;79,015;79,319;79,559;79,73;79,838;79,903;79,944;79,975;80,011;80,065;80,142;80,242;80,366;80,501;80,632;80,746;80,834;80,902;80,964;81,042;81,154;81,311;81,512;81,746;82,2;82,6;82,4;82,7;83,1;83;82,9;83;83,3;83,5;
India;IND;41,539;42,205;42,886;43,578;44,28;44,985;45,689;46,388;47,083;47,773;48,47;49,186;49,928;50,692;51,47;52,24;52,981;53,671;54,294;54,845;55,323;55,734;56,096;56,43;56,747;57,056;57,365;57,675;57,99;58,314;58,653;59,007;59,375;59,754;60,143;60,543;60,951;61,366;61,784;62,206;62,627;63,049;63,471;63,891;64,308;64,722;65,132;65,537;65,937;66,33;66,713;67,084
Indonesia;IDN;46,301;47,072;47,829;48,574;49,307;50,029;50,739;51,439;52,128;52,805;53,469;54,12;54,756;55,376;55,98;56,569;57,141;57,699;58,242;58,771;59,287;59,79;60,281;60,759;61,226;61,681;62,124;62,557;62,978;63,389;63,79;64,181;64,562;64,933;65,296;65,649;65,995;66,331;66,66;66,981;67,29;67,584;67,863;68,132;68,398;68,675;68,98;69,323;69,707;70,131;70,584;71,052
Iran, Islamic Rep.;IRN;43,866;44,74;45,599;46,443;47,268;48,062;48,811;49,509;50,16;50,772;51,364;51,959;52,579;53,24;53,948;54,707;55,512;56,345;57,188;58,031;58,865;59,685;60,487;61,267;62,021;62,74;63,418;64,057;64,659;65,229;65,776;66,309;66,837;67,366;67,898;68,429;68,952;69,459;69,943;70,404;70,846;71,275;71,698;72,119;72,536;72,946;73,341;73,714;74,061;74,379;74,669;
Iraq;IRQ;48,563;49,537;50,504;51,463;52,408;53,334;54,232;55,097;55,92;56,697;57,417;58,07;58,659;59,197;59,698;60,181;60,668;61,179;61,737;62,359;63,072;63,9;64,836;65,855;66,932;68,025;69,087;70,074;70,951;71,694;72,293;72,757;73,114;73,39;73,594;73,725;73,778;73,753;73,654;73,494;73,285;73,035;72,761;72,483;72,222;72,007;71,86;71,788;71,793;71,871;72,012;
Ireland;IRL;71,571;71,831;72,063;72,274;72,47;72,655;72,829;72,99;73,14;73,283;73,423;73,565;73,712;73,869;74,037;74,222;74,427;74,649;74,887;75,136;75,39;75,643;75,89;76,125;76,35;76,564;76,776;76,99;77,208;77,43;77,647;77,847;78,024;78,176;78,309;78,433;78,5;78,71;79,12;78,86;79,24;79,88;80,3;80,54;80,78;81,02;81,26;81,5;81,6;82,436;82,688;
Isle of Man;IMN;;;;;;;;;;;;;;;;;;;;;;;;;;;;;;;;;;;79,5;;;;;;;;81,5;;;;;;;;;
Israel;ISR;;73,62;73,7;;;;73,73;73,2;72,88;72,84;72,96;73,44;72;73,23;73,27;73,93;74,8;74,7;75;75,3;75,74;75,9;75,8;76,2;76,6;77;76,8;77;75;78,1;78,4;78,5;78,4;79,1;79,4;79,5;80;80,1;80,3;80,4;80,9;81,2;81,5;81,8;82,4;82,2;82,2;82,5;83;83,5;83,4;
Italy;ITA;71,69;72,48;71,89;72,06;73,18;73,04;73,82;73,83;73,72;73,88;74,55;74,88;75,21;75,12;75,91;75,91;76,27;76,74;77,13;77,46;77,38;77,76;78,19;77,99;78,77;78,84;79,14;79,58;79,74;80,17;80,26;80,32;80,69;80,87;81,12;81,4;81,61;81,84;81,5;81,9;82,5;82,8;83;82,8;83,7;83,5;84;84;84,1;84,1;84,4;
Jamaica;JAM;66,131;66,703;67,221;67,686;68,105;68,482;68,826;69,143;69,44;69,723;69,995;70,255;70,502;70,735;70,957;71,176;71,399;71,629;71,865;72,102;72,332;72,543;72,723;72,867;72,972;73,039;73,071;73,08;73,076;73,065;73,055;73,046;73,042;73,043;73,054;73,079;73,121;73,178;73,253;73,347;73,463;73,604;73,769;73,956;74,161;74,381;74,609;74,842;75,073;75,297;75,509;
Japan;JPN;70,14;70,83;71,12;72,26;72,76;72,85;73,65;73,94;74,29;74,62;74,67;75,49;75,96;75,96;76,33;76,85;77,27;77,86;78,21;78,75;78,75;79,17;79,74;79,84;80,29;80,57;81,02;81,48;81,37;81,84;81,91;82,22;82,35;82,5;82,96;82,84;83,55;83,82;84,01;83,9;84,6;84,9;85,2;85,33;85,59;85,49;85,81;85,99;86,05;86,44;86,39;
Jordan;JOR;54,167;54,945;55,715;56,482;57,25;58,022;58,799;59,579;60,357;61,131;61,898;62,656;63,401;64,13;64,835;65,513;66,157;66,767;67,34;67,874;68,369;68,824;69,241;69,626;69,981;70,31;70,617;70,905;71,176;71,432;71,673;71,897;72,102;72,287;72,455;72,61;72,754;72,891;73,025;73,158;73,292;73,425;73,556;73,686;73,814;73,946;74,086;74,234;74,393;74,56;74,732;
Kazakhstan;KAZ;63,656;64,068;64,484;64,902;65,318;65,73;66,132;66,518;66,886;67,232;67,55;67,837;68,094;68,329;68,546;68,759;68,979;69,216;69,475;69,756;71,9;71,7;71,5;72,4;73,3;73,3;73,6;73,9;73,1;72,9;73,1;72,9;72,7;71,9;71;70,4;70;70,2;70,4;71;71,1;71,3;71,5;71,5;71,65;71,8;72;72,6;72,4;73,5;73,32;
Kenya;KEN;48,34;49,05;49,742;50,401;51,02;51,602;52,158;52,707;53,261;53,825;54,396;54,967;55,53;56,077;56,607;57,126;57,644;58,166;58,69;59,208;59,707;60,175;60,594;60,948;61,226;61,424;61,548;61,601;61,582;61,477;61,253;60,866;60,306;59,581;58,72;57,757;56,735;55,718;54,773;53,959;53,344;52,981;52,871;52,999;53,348;53,889;54,578;55,351;56,144;56,916;57,628;58,262
Kiribati;KIR;;;;;;;;;;;;;;;;;;;;;;;53,8;;;;;57;;;;;60,5;;;62;;63;;;62,2;;66;;;63,1;;;;;;
Korea, Dem. Rep.;PRK;56,831;57,352;57,885;58,451;59,066;59,747;60,505;61,331;62,208;63,124;64,06;64,997;65,916;66,794;67,615;68,363;69,028;69,618;70,141;70,602;71,011;71,384;71,733;72,065;72,383;72,703;73,039;73,378;73,689;73,933;74,004;73,78;73,22;72,346;71,234;70,056;69,028;68,327;68,06;68,243;68,806;69,604;70,429;71,119;71,607;71,871;71,94;71,914;71,877;71,86;71,886;71,966
Korea, Rep.;KOR;55,509;56,331;57,168;58,022;58,893;59,793;60,736;61,721;62,738;63,766;64,766;66,07;66,55;67,03;67,47;67,91;68,325;68,74;69,125;69,51;70,025;70,54;71,005;71,47;72,145;72,82;73,43;74,04;74,56;75,08;75,5;75,92;76,36;76,8;77,105;77,41;77,765;78,12;78,67;79,22;79,615;80,01;80,44;80,82;81,35;81,89;82,36;82,73;83,29;83,77;84,25;
Kosovo;KSV;;;;;;;;;;;;;;;;;;;;;;68,13;68,36;68,58;68,79;69;69,2;69,39;69,57;69,74;69,91;70,07;70,22;70,37;70,5;70,64;70,76;70,88;71;69;70;70,15;70,3;70,52;70,74;70,96;71,17;71,39;71,6;71,8;72,01;
Kuwait;KWT;63,073;63,739;64,382;65,001;65,596;66,167;66,713;67,234;67,729;68,199;68,644;69,066;69,467;69,847;70,208;70,552;70,878;71,188;71,482;71,761;72,023;72,27;72,501;72,716;72,915;73,1;73,27;73,425;73,568;73,7;73,822;73,934;74,038;74,135;74,227;74,314;74,397;74,476;74,553;74,627;74,698;74,764;74,825;74,884;74,942;75,004;75,078;75,166;75,269;75,388;75,519;
Kyrgyz Republic;KGZ;60,466;60,902;61,34;61,78;62,219;62,651;63,073;63,48;63,868;64,235;64,575;64,884;65,164;65,42;65,659;65,891;66,126;66,374;66,642;66,932;67,249;67,595;67,961;68,336;68,706;69,056;69,37;69,637;69,851;71,8;72,6;72,7;72,2;71,7;70,7;70,4;71;71,4;71,2;71,1;72,4;72,6;72;72,2;72,2;71,9;72,1;72,3;72,6;73,2;73,444;
Lao PDR;LAO;45,711;45,894;46,077;46,259;46,441;46,622;46,802;46,98;47,158;47,338;47,522;47,712;47,91;48,118;48,341;48,579;48,832;49,101;49,389;49,698;50,034;50,399;50,796;51,229;51,702;52,221;52,794;53,42;54,093;54,809;55,559;56,336;57,127;57,92;58,701;59,457;60,173;60,848;61,485;62,089;62,671;63,252;63,846;64,46;65,092;65,732;66,361;66,959;67,512;68,016;68,471;68,887
Latvia;LVA;73,49;73,92;73,19;73,65;74,89;74,86;74,6;74,22;74,54;74,55;74,23;74,8;74,76;74,5;74,74;74,16;74,39;74,16;74,12;73,72;74,12;74,4;74,65;74,62;74,5;74,06;75,14;75,19;75,22;75,18;74,6;74,6;74,44;73,33;72,62;73,06;74,8;75,05;74,8;75,29;76;76,6;76,8;76,9;77,2;77,4;76,5;76,5;77,9;78,1;78,4;
Lebanon;LBN;62,896;63,411;63,885;64,323;64,729;65,111;65,478;65,833;66,181;66,522;66,85;67,158;67,438;67,687;67,906;68,101;68,279;68,451;68,625;68,805;68,994;69,191;69,391;69,591;69,791;69,993;70,199;70,41;70,627;70,846;71,065;71,279;71,482;71,674;71,853;72,021;72,179;72,332;72,484;72,639;72,799;72,966;73,14;73,32;73,505;73,694;73,885;74,074;74,26;74,444;74,624;74,804
Lesotho;LSO;48,225;48,708;49,115;49,439;49,684;49,863;49,995;50,109;50,236;50,394;50,601;50,866;51,184;51,55;51,966;52,434;52,957;53,526;54,128;54,75;55,371;55,967;56,528;57,047;57,526;58,009;58,562;59,205;59,912;60,619;61,202;61,511;61,435;60,909;59,921;58,476;56,612;54,476;52,232;50,016;47,991;46,3;45,001;44,122;43,681;43,66;43,997;44,563;45,236;45,94;46,606;47,197
Liberia;LBR;40,157;40,497;40,835;41,172;41,508;41,843;42,177;42,51;42,841;43,17;43,499;43,834;44,173;44,511;44,837;45,137;45,392;45,592;45,727;45,795;45,794;45,727;45,61;45,457;45,279;45,08;44,86;44,623;44,381;44,151;43,944;43,768;43,636;43,571;43,599;43,759;44,094;44,613;45,313;46,18;47,19;48,311;49,491;50,679;51,837;52,929;53,936;54,861;55,709;56,479;57,173;57,799
Libya;LBY;47,908;48,426;48,942;49,458;49,974;50,486;50,985;51,473;51,958;52,453;52,981;53,568;54,233;54,983;55,818;56,731;57,706;58,715;59,734;60,75;61,757;62,76;63,764;64,767;65,757;66,711;67,607;68,43;69,176;69,845;70,452;71,02;71,574;72,128;72,684;73,231;73,747;74,21;74,606;74,936;75,208;75,438;75,647;75,854;76,066;76,29;76,521;76,752;76,975;77,189;77,394;77,588
Liechtenstein;LIE;;;;;;;;;;;;;;;;;;;;;;;;;;;;;;;;;;;;;;;;;;;;;;;;;;;;
Lithuania;LTU;72,9;73,56;72,44;73,8;74,91;74,68;75,08;75,43;75,15;74,98;75,03;76,13;75,45;75,65;75,69;75,6;75,87;75,66;75,45;75,64;75,64;75,68;76,01;75,91;75,57;75,49;76,46;76,36;76,29;76,24;76,17;75,86;75,93;74,98;74,82;75,04;75,86;76,62;76,7;77;77,5;77,6;77,6;77,9;77,8;77,4;77,1;77,2;77,6;78,6;78,8;
Luxembourg;LUX;71,511;71,822;72,101;72,341;72,544;72,709;72,842;72,956;73,062;73,171;73,296;73,447;73,627;73,835;74,069;74,322;74,582;74,837;75,08;75,311;75,54;75,781;76,045;76,339;76,657;76,99;77,32;77,63;77,909;78,154;78,369;79,1;79,1;79,4;79,7;80,2;79,9;79,8;80,5;81,1;81,1;81;81,2833;81,5667;81,85;82,1333;82,4167;82,7;82,7;82,7;82,7;
Macao SAR, China;MAC;66,834;67,385;67,923;68,448;68,959;69,457;69,94;70,409;70,867;71,311;71,745;72,167;72,578;72,979;73,37;73,752;74,125;74,489;74,844;75,192;75,531;75,863;76,187;76,504;76,813;77,116;77,413;77,703;77,986;78,264;78,537;78,804;79,066;79,323;79,575;79,823;80,067;80,306;80,54;80,77;80,995;81,214;81,427;81,635;81,841;82,049;82,266;82,493;82,731;82,976;83,219;83,451
Macedonia, FYR;MKD;61,196;61,867;62,522;63,167;63,806;64,443;65,076;65,702;66,316;66,918;67,512;68,106;68,699;69,284;69,846;70,359;70,79;71,121;71,352;71,491;71,564;71,608;71,662;71,758;71,909;72,119;72,378;72,662;72,945;73,219;73,473;73,702;73,907;74,092;74,26;74,418;74,573;74,735;74,906;75,087;75,274;75,457;75,629;75,784;75,922;76,047;76,167;76,291;76,425;76,57;76,725;76,885
Madagascar;MDG;40,453;40,869;41,279;41,688;42,097;42,512;42,936;43,369;43,811;44,261;44,714;45,166;45,611;46,048;46,476;46,906;47,352;47,819;48,303;48,792;49,253;49,643;49,941;50,145;50,273;50,364;50,472;50,653;50,95;51,384;51,965;52,684;53,504;54,387;55,316;56,273;57,249;58,238;59,232;60,216;61,184;62,136;63,069;63,977;64,842;65,638;66,337;66,927;67,409;67,793;68,102;68,368
Malawi;MWI;38,335;38,58;38,815;39,041;39,263;39,496;39,76;40,069;40,428;40,834;41,275;41,73;42,178;42,604;43,001;43,374;43,735;44,1;44,478;44,87;45,273;45,682;46,083;46,465;46,82;47,146;47,444;47,714;47,952;48,148;48,28;48,32;48,26;48,106;47,874;47,58;47,246;46,912;46,622;46,418;46,356;46,487;46,82;47,345;48,046;48,894;49,841;50,828;51,795;52,704;53,52;54,226
Malaysia;MYS;60,329;60,851;61,372;61,891;62,407;62,917;63,418;63,908;64,385;64,848;65,297;65,732;66,154;66,566;66,967;67,357;67,737;68,106;68,465;68,813;69,152;69,481;69,802;70,114;70,419;70,716;71,006;71,287;71,561;71,828;72,087;72,34;72,586;72,825;73,059;73,287;73,51;73,728;73,94;74,147;74,348;74,542;74,728;74,909;75,087;75,265;75,451;75,646;75,852;76,067;76,29;76,514
Maldives;MDV;36,787;37,276;37,804;38,385;39,02;39,706;40,429;41,171;41,914;42,651;43,37;44,062;44,735;45,4;46,069;46,772;47,54;48,391;49,328;50,34;51,397;52,454;53,472;54,424;55,306;56,129;56,921;57,721;58,56;59,451;60,396;61,389;62,41;63,444;64,485;65,538;66,615;67,718;68,841;69,964;71,062;72,1;73,055;73,91;74,661;75,31;75,871;76,373;76,838;77,281;77,71;78,126
Mali;MLI;31,138;31,321;31,57;31,896;32,297;32,767;33,293;33,853;34,427;35,003;35,569;36,123;36,667;37,203;37,731;38,248;38,755;39,254;39,749;40,239;40,73;41,227;41,731;42,238;42,743;43,238;43,708;44,146;44,548;44,912;45,245;45,555;45,854;46,153;46,457;46,768;47,082;47,396;47,706;48,014;48,324;48,638;48,961;49,296;49,644;50,01;50,393;50,792;51,204;51,626;52,054;52,482
Malta;MLT;69,963;70,267;70,566;70,861;71,153;71,44;71,724;72,004;72,281;72,554;72,824;73,09;73,352;73,612;73,868;74,121;74,372;74,62;74,866;75,109;75,35;75,589;75,824;76,057;76,286;76,514;76,739;76,962;77,183;77,403;77,621;77,839;78,21;78,6;79;79,5;79,8;80,1;80,1;79,3;80,3;80,9;80,5;80,4;80,5;81,4;80,7;81,8;82,3;82,3;83,1;
Marshall Islands;MHL;;;;;;;;;;;;;;;;;;;;;;;;;;;;74,6;;;;;;;;;;;;69,4;67,8;;;;;;;;;;;
Mauritania;MRT;43,286;43,681;44,06;44,429;44,8;45,196;45,644;46,161;46,752;47,413;48,126;48,868;49,607;50,317;50,986;51,612;52,203;52,775;53,337;53,885;54,41;54,897;55,335;55,718;56,047;56,329;56,577;56,805;57,024;57,24;57,45;57,65;57,829;57,983;58,112;58,219;58,308;58,386;58,459;58,531;58,6;58,66;58,71;58,753;58,801;58,868;58,977;59,139;59,359;59,636;59,962;60,323
Mauritius;MUS;60,649;61,656;62,538;63,28;63,883;64,348;64,686;64,933;65,134;65,325;65,555;65,873;66,294;66,819;67,44;68,13;68,849;69,545;70,173;70,713;71,147;71,473;71,716;71,906;72,058;72,2;72,361;72,555;72,787;73,054;73,4;73,9;73,9;74;74;74,28;74,4;74,4;74,5;74,7;75,3;75,3;75,5;75,63666667;75,77333333;75,91;75,91;76,11;76,11;76,56;76,65;
Mexico;MEX;59,109;59,722;60,266;60,745;61,174;61,568;61,949;62,335;62,746;63,194;63,693;64,249;64,853;65,492;66,156;66,833;67,51;68,171;68,806;69,405;69,959;70,465;70,931;71,364;71,766;72,143;72,501;72,844;73,178;73,506;73,832;74,154;74,471;74,78;75,083;75,378;75,665;75,944;76,215;76,481;76,742;77;77,258;77,515;77,77;78,023;78,271;78,511;78,742;78,962;79,171;
Micronesia, Fed. Sts.;FSM;58,15;58,549;58,947;59,345;59,743;60,142;60,545;60,951;61,361;61,775;62,197;62,634;63,084;63,539;63,99;64,418;64,803;65,131;65,397;65,6;65,747;65,853;65,937;66,017;66,103;66,2;66,309;66,422;66,536;66,648;66,761;66,872;66,983;67,094;67,205;67,316;67,426;67,534;67,644;67,755;67,873;67,998;68,135;68,283;68,445;68,62;68,808;69,005;69,211;69,421;69,633;69,846
Moldova;MDA;65,792;66,1;66,409;66,72;67,029;67,33;67,611;67,86;68,071;68,24;68,366;68,452;68,507;68,54;68,555;68,549;68,51;68,442;68,356;68,27;68,225;68,266;68,416;68,68;69,044;69,474;69,92;70,326;70,65;70,873;70,985;70,989;70,924;70,826;70,717;70,627;70,582;70,59;70,657;70,781;70,951;71,141;71,329;71,496;71,639;71,768;71,9;72,055;72,248;72,478;72,738;73,015
Monaco;MCO;;;;;;;;;;;;;;;;;;;;;;;;;;;;;;;;;;;;;;;;;;;;;;;;;;;;
Mongolia;MNG;50,972;51,85;52,703;53,515;54,276;54,986;55,654;56,292;56,905;57,486;58,02;58,485;58,866;59,16;59,372;59,506;59,576;59,606;59,624;59,656;59,731;59,878;60,103;60,403;60,773;61,199;61,659;62,121;62,557;62,952;63,278;63,516;63,675;63,781;63,861;63,968;64,163;64,487;64,958;65,577;66,32;67,148;67,997;68,812;69,56;70,216;70,768;71,234;71,634;71,975;72,27;72,534
Montenegro;MNE;63,916;64,494;65,11;65,769;66,473;67,219;68,005;68,815;69,633;70,444;71,234;71,991;72,708;73,379;73,992;74,537;75,006;75,403;75,734;76,007;76,228;76,402;76,543;76,666;76,788;76,933;77,125;77,369;77,66;77,986;78,326;78,652;78,931;79,137;79,254;79,264;79,157;78,953;78,673;78,339;77,976;77,608;77,259;76,954;76,71;76,545;76,467;76,467;76,529;76,646;76,806;76,997
Morocco;MAR;47,83;48,344;48,856;49,368;49,88;50,393;50,906;51,422;51,94;52,463;52,99;53,518;54,05;54,59;55,145;55,729;56,36;57,044;57,779;58,558;59,364;60,175;60,969;61,727;62,442;63,112;63,744;64,353;64,951;65,541;66,12;66,685;67,23;67,751;68,248;68,721;69,175;69,612;70,037;70,451;70,853;71,244;71,621;71,983;72,331;72,666;72,99;73,303;73,607;73,903;74,19;74,467
Mozambique;MOZ;36,381;36,863;37,329;37,776;38,208;38,63;39,048;39,469;39,9;40,341;40,798;41,277;41,772;42,27;42,758;43,213;43,609;43,931;44,171;44,328;44,406;44,413;44,373;44,315;44,26;44,228;44,234;44,285;44,389;44,556;44,803;45,148;45,582;46,086;46,638;47,198;47,724;48,183;48,553;48,828;49,008;49,111;49,174;49,232;49,306;49,418;49,582;49,796;50,058;50,369;50,729;51,133
Myanmar;MMR;44,169;44,782;45,418;46,1;46,836;47,62;48,432;49,237;50,011;50,743;51,434;52,097;52,745;53,383;54,003;54,59;55,12;55,576;55,951;56,245;56,46;56,599;56,688;56,755;56,826;56,936;57,117;57,382;57,736;58,176;58,693;59,264;59,856;60,438;60,989;61,492;61,937;62,331;62,68;62,988;63,254;63,479;63,676;63,86;64,05;64,271;64,551;64,902;65,325;65,816;66,359;66,928
Namibia;NAM;49,111;49,717;50,302;50,867;51,414;51,946;52,468;52,987;53,505;54,027;54,551;55,077;55,602;56,123;56,641;57,16;57,686;58,221;58,762;59,3;59,823;60,317;60,769;61,171;61,516;61,81;62,064;62,287;62,482;62,643;62,755;62,799;62,759;62,624;62,391;62,031;61,516;60,863;60,119;59,346;58,656;58,174;57,972;58,084;58,501;59,169;59,993;60,842;61,605;62,224;62,654;62,882
Nepal;NPL;38,219;38,612;39,016;39,431;39,857;40,291;40,729;41,17;41,613;42,059;42,514;42,982;43,469;43,977;44,506;45,052;45,614;46,184;46,756;47,329;47,898;48,461;49,02;49,578;50,138;50,7;51,268;51,844;52,436;53,049;53,695;54,383;55,117;55,896;56,716;57,568;58,441;59,321;60,196;61,06;61,915;62,769;63,63;64,493;65,347;66,171;66,939;67,634;68,244;68,771;69,221;69,611
Netherlands;NLD;75,38;75,85;75,68;75,77;76,26;76,14;76,12;76,57;76,44;76,29;76,5;76,77;76,79;77,13;77,61;77,7;77,92;78,52;78,5;78,92;79,18;79,32;79,41;79,56;79,67;79,66;79,61;80,06;80,24;79,92;80,11;80,15;80,28;80;80,31;80,36;80,35;80,55;80,7;80,5;80,6;80,7;80,7;80,9;81,4;81,6;81,9;82,3;82,3;82,7;82,7;
New Caledonia;NCL;61,2;61,6;62;62,5;63;63,5;64;64,5;65;65,5;66;66,5;67;67,5;68;68,5;69;69,5;69,825;70,15;70,475;70,8;71,8;71,96666667;72,13333333;72,3;73,05;73,8;73,6;73,4;73,2;74,2;75,2;75,6;73,9;75,8;74,2;74,3;77,5;77;78,3;77,7;79,2;78,6;79,1;78,6;80,2;80,3;80,52;80,74;79,675;
New Zealand;NZL;73,9;73,7;74,1;74,2;74,3;74,3;74,3;74,7;74,3;74,7;74,5;75;74,8;75,1;75,1;75,6;75,7;75,6;76,4;76,5;75,8;76,9;76,9;76,9;77,7;76,8;77,4;77,2;77,6;78;78,4;78,9;79,3;79,2;79,7;79,5;79,4;80,1;80,8;80,4;81,3;81,1;81,1;81,4;81,7;81,9;82,2;82,2;82,4;82,7;82,7;
Nicaragua;NIC;48,362;49,028;49,696;50,364;51,031;51,699;52,37;53,044;53,723;54,404;55,087;55,771;56,453;57,129;57,794;58,442;59,064;59,658;60,226;60,771;61,298;61,817;62,335;62,864;63,407;63,973;64,566;65,183;65,816;66,458;67,097;67,715;68,305;68,859;69,381;69,879;70,369;70,867;71,383;71,918;72,471;73,033;73,589;74,127;74,636;75,11;75,542;75,935;76,29;76,608;76,891;77,142
Niger;NER;38,139;38,167;38,194;38,221;38,25;38,282;38,319;38,362;38,411;38,469;38,537;38,617;38,711;38,816;38,934;39,063;39,203;39,352;39,507;39,666;39,82;39,96;40,084;40,199;40,311;40,436;40,588;40,782;41,035;41,355;41,754;42,236;42,794;43,416;44,093;44,813;45,568;46,343;47,124;47,899;48,658;49,397;50,115;50,812;51,482;52,118;52,716;53,274;53,797;54,285;54,743;55,177
Nigeria;NGA;40,156;40,527;40,897;41,265;41,633;42;42,368;42,738;43,107;43,475;43,841;44,204;44,56;44,907;45,241;45,557;45,853;46,127;46,374;46,593;46,779;46,929;47,043;47,123;47,17;47,184;47,166;47,12;47,052;46,967;46,862;46,73;46,576;46,413;46,262;46,157;46,132;46,211;46,404;46,71;47,12;47,612;48,149;48,699;49,245;49,773;50,281;50,777;51,268;51,751;52,228;52,698
Northern Mariana Islands;MNP;;;;;;;;;;;;;;;;;;;;;;;;;;;;;;;;;;;;;;;;;;;;;;;;;;;;
Norway;NOR;75,87;76,05;76,05;75,49;76,08;76,53;76,71;76,94;76,8;76,67;77,32;77,36;77,51;77,71;77,96;78,07;78,21;78,67;78,63;78,82;79,17;79,27;79,54;79,56;79,61;79,41;79,76;79,58;79,56;79,84;79,8;80,1;80,36;80,23;80,64;80,82;81,07;80,97;81,3;81,1;81,4;81,5;81,6;81,9;82,3;82,5;82,7;82,7;83;83,1;83,2;
Oman;OMN;43,382;44,071;44,786;45,53;46,305;47,117;47,973;48,872;49,813;50,79;51,796;52,82;53,854;54,889;55,919;56,944;57,965;58,988;60,018;61,052;62,096;63,153;64,221;65,29;66,351;67,394;68,409;69,384;70,305;71,155;71,916;72,569;73,113;73,552;73,893;74,155;74,36;74,53;74,684;74,83;74,959;75,052;75,092;75,078;75,024;74,962;74,931;74,962;75,073;75,268;75,535;75,849
Pakistan;PAK;46,842;47,522;48,193;48,857;49,511;50,159;50,799;51,433;52,06;52,678;53,287;53,884;54,469;55,037;55,586;56,112;56,612;57,085;57,53;57,949;58,342;58,71;59,057;59,388;59,706;60,015;60,316;60,612;60,902;61,189;61,473;61,754;62,029;62,298;62,559;62,813;63,059;63,297;63,526;63,749;63,962;64,165;64,357;64,543;64,727;64,916;65,119;65,341;65,585;65,849;66,129;
Palau;PLW;;;;;;;;;;;;;;;;;;;;;;;;;;;;;;;74,98;;;;;76,9;;;;;74,54;;;;;72,1;;;;;;
Panama;PAN;61,925;62,418;62,893;63,358;63,821;64,287;64,758;65,233;65,712;66,198;66,702;67,232;67,789;68,371;68,972;69,58;70,184;70,769;71,323;71,837;72,304;72,72;73,093;73,429;73,732;74,006;74,258;74,493;74,715;74,928;75,134;75,33;75,514;75,685;75,847;76,004;76,16;76,32;76,486;76,66;76,842;77,029;77,218;77,405;77,589;77,771;77,95;78,127;78,304;78,479;78,652;78,822
Papua New Guinea;PNG;39,46;40,067;40,73;41,451;42,225;43,037;43,864;44,684;45,48;46,244;46,968;47,653;48,313;48,967;49,63;50,341;51,142;52,044;53,033;54,076;55,101;56,018;56,762;57,296;57,622;57,781;57,844;57,903;58,025;58,235;58,53;58,879;59,226;59,533;59,789;60;60,178;60,351;60,541;60,758;61,01;61,298;61,615;61,954;62,312;62,683;63,063;63,449;63,836;64,22;64,599;64,972
Paraguay;PRY;65,691;65,91;66,114;66,298;66,461;66,608;66,754;66,91;67,086;67,281;67,489;67,7;67,902;68,086;68,247;68,388;68,511;68,624;68,736;68,849;68,963;69,078;69,191;69,302;69,415;69,531;69,656;69,793;69,942;70,104;70,278;70,459;70,643;70,828;71,014;71,202;71,398;71,603;71,821;72,049;72,284;72,521;72,755;72,981;73,199;73,409;73,613;73,815;74,016;74,218;74,419;74,618
Peru;PER;49,082;49,646;50,179;50,681;51,161;51,643;52,166;52,754;53,423;54,17;54,977;55,814;56,643;57,437;58,181;58,876;59,531;60,167;60,803;61,442;62,087;62,739;63,389;64,032;64,664;65,277;65,867;66,43;66,968;67,484;67,985;68,478;68,974;69,476;69,989;70,514;71,05;71,589;72,124;72,648;73,153;73,631;74,079;74,494;74,872;75,213;75,515;75,785;76,027;76,249;76,454;76,649
Philippines;PHL;59,07;59,385;59,708;60,043;60,388;60,742;61,101;61,46;61,815;62,163;62,503;62,833;63,155;63,471;63,781;64,084;64,381;64,672;64,957;65,237;65,512;65,781;66,044;66,303;66,556;66,804;67,048;67,287;67,521;67,752;67,978;68,199;68,416;68,629;68,837;69,041;69,241;69,437;69,629;69,818;70,002;70,179;70,348;70,513;70,676;70,843;71,023;71,22;71,436;71,669;71,915;72,168
Poland;POL;70,6;70,8;70,5;71,5;71,6;72,4;72,9;72,6;73,6;73,1;73,3;73,3;74,2;74,3;74,6;74,3;74,6;74,5;74,5;74,9;74,4;75,2;75,2;75,2;75;74,8;75,1;75,2;75,67;75,5;75,5;75,3;75,7;76;76,1;76,4;76,6;77;77,3;77,5;78;78,4;78,8;78,9;79,2;79,4;79,6;79,7;80;80,1;80,6;
Portugal;PRT;65,889;66,361;66,836;67,311;67,781;68,243;68,69;69,12;69,535;69,937;70,3;70,1;71,5;70,7;71,4;72,1;72,6;73,7;73,8;74,6;74,8;75,2;76;75,8;76,1;76,4;76,8;77,2;77,3;77,8;77,5;77,6;78;78,2;78,5;79;79;79,1;79,4;79,6;79,9;80,4;80,6;80,6;81;81,4;81,8;81,6;81,7;81,8;82,1;
Puerto Rico;PRI;71,728;72,025;72,291;72,551;72,829;73,138;73,487;73,86;74,245;74,636;75,022;75,394;75,742;76,057;76,335;76,568;76,754;76,897;77,011;77,106;77,202;77,321;77,476;77,671;77,902;78,154;78,406;78,631;78,814;78,95;79,036;79,076;79,089;79,099;79,125;79,199;79,35;79,589;79,912;80,309;80,92;81,4;82,15;82,22;82,34;82,45;82,56;82,59;82,678;82,861;82,954;
Qatar;QAT;61,924;62,52;63,109;63,688;64,258;64,823;65,385;65,949;66,514;67,079;67,642;68,197;68,741;69,267;69,77;70,244;70,686;71,095;71,472;71,819;72,137;72,43;72,703;72,96;73,206;73,443;73,672;73,894;74,107;74,315;74,516;74,712;74,903;75,087;75,267;75,441;75,609;75,772;75,93;76,083;76,232;76,375;76,514;76,65;76,786;76,925;77,072;77,229;77,396;77,574;77,758;77,946
Romania;ROU;67,529;68,063;68,523;68,902;69,204;69,443;69,644;69,836;70,04;70,265;70,51;70,85;70,77;71,29;71,82;71,97;72,06;72,18;71,98;71,75;71,78;72,17;72,4;72,61;72,65;72,78;72,59;72,3;72,41;72,65;73,05;73,17;73,17;73,2;73,3;73,4;73,1;73;73,7;74,2;74,8;74,9;74,8;75,1;75,3333;75,5667;75,8;76,1;76,1;77,1;77,3;
Russian Federation;RUS;71,508;72,046;72,509;72,881;73,157;73,342;73,455;73,522;73,566;73,598;73,44;73,77;73,62;73,56;73,77;73,23;73,05;73,2;73,23;73,02;72,96;73,19;73,64;73,42;72,97;73,24;74,23;74,27;74,53;74,35;74,26;73,75;71,99;71,2;71,73;72,52;72,95;73,22;72,5;72,4;72;72,3;72;71,83;72,3;72,4;73,23;73,9;74,2;74,7;74,9;
Rwanda;RWA;43,846;44,142;44,429;44,703;44,96;45,193;45,396;45,567;45,71;45,831;45,93;46,01;46,08;46,162;46,276;46,485;46,859;47,411;48,115;48,913;49,748;50,552;51,209;51,587;51,564;50,848;49,129;46,396;42,823;38,704;34,613;31,244;29,116;28,532;29,539;31,936;35,286;38,932;42,327;45,209;47,446;49,073;50,34;51,453;52,45;53,355;54,166;54,868;55,458;55,955;56,375;56,735
Samoa;WSM;53,35;53,85;54,35;54,85;55,35;55,85;56,35;56,85;57,35;57,85;58,35;58,85;59,35;59,85;60,35;60,85;61,35;61,85;62,35;62,85;63,35;63,849;64,347;64,845;65,343;65,844;66,35;66,863;67,382;67,904;68,425;68,942;69,45;69,944;70,42;70,874;71,303;71,708;72,091;72,453;72,793;73,114;73,419;73,711;73,992;74,262;74,523;74,775;75,018;75,253;75,482;75,704
San Marino;SMR;;;;;;;;;;;;;;;;;;;;;;;;;;;;;;;;;;;;;82,5;82,7;83,4;83,7;84;84,2;84,5;84,6;85;85,1;85,1;85,4;85,7;85,91272727;86,12545455;
Sao Tome and Principe;STP;52;52,598;53,186;53,758;54,306;54,825;55,314;55,776;56,216;56,637;57,048;57,456;57,866;58,278;58,685;59,076;59,435;59,748;60,01;60,222;60,39;60,526;60,646;60,767;60,895;61,035;61,188;61,347;61,506;61,667;61,829;61,992;62,157;62,323;62,491;62,659;62,827;62,994;63,161;63,329;63,501;63,679;63,866;64,064;64,274;64,497;64,734;64,985;65,245;65,513;65,786;66,06
Saudi Arabia;SAU;46,56;47,162;47,785;48,436;49,119;49,842;50,611;51,423;52,274;53,16;54,074;55,01;55,96;56,913;57,862;58,802;59,734;60,658;61,571;62,467;63,339;64,178;64,981;65,744;66,465;67,142;67,779;68,382;68,952;69,489;69,989;70,445;70,853;71,214;71,531;71,809;72,056;72,28;72,49;72,693;72,895;73,096;73,295;73,493;73,691;73,892;74,099;74,313;74,533;74,759;74,988;
Senegal;SEN;39,857;39,997;40,124;40,247;40,377;40,523;40,692;40,891;41,128;41,412;41,756;42,167;42,648;43,193;43,801;44,469;45,192;45,959;46,755;47,563;48,372;49,172;49,957;50,715;51,431;52,088;52,672;53,179;53,614;53,979;54,284;54,539;54,764;54,975;55,187;55,41;55,653;55,912;56,186;56,476;56,779;57,09;57,405;57,719;58,03;58,343;58,66;58,986;59,323;59,669;60,022;60,377
Serbia;SRB;;;;;;;;;;;;;;;;;;;;;;;;;;;;;;;;74,1;;;;;;74,6;;;74,8;74,9;75;75,1;75,4;75,4;75,88;76,2;76,3;76,4;76,6;
Seychelles;SYC;;;;;;;;;;;;;;;;;;;;;;;71,5;;;;;72,8;;;;;74;;;;;75;;;;;77;76,1;76,4;77,1;75,7;77,7;78,9;77,9;77,9;
Sierra Leone;SLE;32,796;33,019;33,252;33,501;33,772;34,072;34,405;34,776;35,189;35,651;36,173;36,769;37,437;38,168;38,949;39,779;40,658;41,562;42,451;43,276;43,961;44,428;44,64;44,589;44,282;43,751;43,045;42,25;41,451;40,708;40,067;39,555;39,165;38,894;38,758;38,775;38,957;39,289;39,754;40,332;41,009;41,767;42,584;43,427;44,267;45,069;45,807;46,473;47,065;47,58;48,024;48,412
Singapore;SGP;69,195;69,586;69,887;70,111;70,282;70,433;70,597;70,796;71,045;71,35;71,708;72,104;72,511;72,903;73,268;73,593;73,87;74,104;74,306;74,485;74,653;74,825;75,018;75,242;75,508;75,825;76,198;76,619;77,074;77,551;78,031;78,494;78,925;79,314;78,5;78,7;79;79,2;79,5;79,6;80,1;80,4;81;81,6;82;82,5;82,6;82,9;83,3;83,7;84,1;
Sint Maarten (Dutch part);SXM;;;;;;;;;;;;;;;;;;;;;;;;;;;;;;;;;;;;;;;;;;;;;;;;;;;;
Slovak Republic;SVK;72,222;72,602;72,887;73,087;73,214;73,286;73,317;73,325;73,327;73,337;73,368;73,429;73,513;73,616;73,736;73,867;74,002;74,134;74,256;74,366;74,25;74,65;74,72;74,51;74,91;74,74;74,75;75,13;75,5;75,38;75,44;75,17;76,2;76,7;76,5;76,3;76,7;76,7;76,7;77;77,2;77,5;77,6;77,6;77,8;77,9;78,2;78,1;78,7;78,7;78,8;
Slovenia;SVN;72;72;72;71,9;72,3;71,9;72,7;72,9;72,4;72,1;72,4;72,65;72,9;73,4;73,9;74,2;74,2;74,5;74,8;74,9;75,1;75,2;75,1;75,1;75;75,5;75,9;76,1;76,8;76,7;77,2;77,4;77,3;77,3;77,4;77,8;78,3;78,6;78,7;78,8;79,1;79,6;79,9;80,7;81,1;81,3;81,8;82,3;82,3;82,3;82,7;
Solomon Islands;SLB;50,15;50,65;51,15;51,65;52,15;52,65;53,15;53,65;54,15;54,65;55,156;55,676;56,21;56,75;57,285;57,806;58,305;58,764;59,16;59,469;59,637;59,603;59,361;58,936;58,375;57,768;57,222;56,832;56,664;56,746;57,072;57,598;58,236;58,913;59,599;60,286;60,986;61,723;62,504;63,309;64,105;64,854;65,528;66,112;66,602;67,014;67,374;67,721;68,082;68,469;68,885;69,32
Somalia;SOM;37,546;37,952;38,357;38,762;39,167;39,574;39,989;40,411;40,836;41,259;41,664;42,035;42,361;42,643;42,886;43,107;43,327;43,568;43,846;44,168;44,548;44,997;45,499;46,02;46,525;46,936;47,164;47,172;46,967;46,587;46,131;45,726;45,491;45,504;45,787;46,322;47,048;47,852;48,634;49,344;49,943;50,41;50,774;51,062;51,287;51,468;51,63;51,8;51,996;52,231;52,511;52,83
South Africa;ZAF;50,83;51,328;51,817;52,306;52,797;53,289;53,777;54,252;54,709;55,149;55,573;55,983;56,385;56,789;57,202;57,637;58,108;58,618;59,168;59,752;60,371;61,02;61,683;62,341;62,97;63,557;64,092;64,56;64,943;65,215;65,346;65,31;65,098;64,706;64,137;63,377;62,414;61,278;60,016;58,684;57,346;56,066;54,896;53,885;53,074;52,501;52,183;52,089;52,176;52,417;52,775;
South Sudan;SSD;;;;;;;;;;;;;;;;;;;;;;;;;;;;;;;;;;;;;;;;;;;;;;;;;61;;;
Spain;ESP;71,66;71,98;72,08;72,36;73,14;73,57;73,78;74,07;74,36;73,89;74,87;74,56;75,63;75,52;75,92;76,31;76,68;77,2;77,42;78,02;78,53;78,74;79,32;79,1;79,64;79,64;79,85;80,17;80,23;80,44;80,51;80,7;81,19;81,26;81,62;81,73;81,88;82,21;82,2;82,2;82,5;82,8;83;83;83,2;83,5;84,1;84,1;84,3;84,6;84,7;
Sri Lanka;LKA;60,366;60,743;61,098;61,452;61,818;62,213;62,648;63,117;63,618;64,146;64,692;65,244;65,789;66,322;66,842;67,361;67,898;68,466;69,066;69,687;70,304;70,887;71,408;71,848;72,201;72,471;72,678;72,845;72,993;73,125;73,22;73,243;73,18;73,044;72,87;72,742;72,759;72,981;73,43;74,086;74,878;75,698;76,433;77,001;77,376;77,566;77,621;77,627;77,656;77,733;77,868;
St. Kitts and Nevis;KNA;;;;;;;;;;;;;;;;;;;;;;;66;;;;;68;;;;;70;;;;;72,71;;;;;74;;;;;;;;;
St. Lucia;LCA;59,993;60,531;61,104;61,71;62,341;62,989;63,64;64,284;64,911;65,517;66,099;66,658;67,202;67,74;68,277;68,83;69,42;70,048;70,701;71,358;71,971;72,486;72,865;73,095;73,182;73,16;73,084;73,013;72,992;73,034;73,128;73,9;74,6;74,5;74,8;74,2;73,7;72,81;72,35;73,2;73,6;75,45;75,5;76,2;75,85;75,71;75,746;76,213;76,616;76,944;77,195;
St. Martin (French part);MAF;;;;;;;;;;;;;;;;;;;;;;;;;;;;;;;;;;;;;;;;;;;;;;;;;;;;
St. Vincent and the Grenadines;VCT;55,334;56,197;57,065;57,904;58,685;59,387;59,998;60,538;61,026;61,476;61,909;62,35;62,816;63,322;63,869;64,456;65,07;65,688;66,295;66,88;67,44;67,978;68,499;69,006;69,497;69,968;70,415;70,835;71,223;71,575;71,889;72,163;72,398;72,596;72,758;72,878;72,948;72,972;72,958;72,92;72,878;72,856;72,872;72,935;73,05;73,215;73,417;73,638;73,859;74,073;74,274;74,462
Sudan;SDN;43,059;43,328;43,622;43,943;44,289;44,656;45,039;45,431;45,825;46,219;46,613;47,008;47,408;47,815;48,228;48,647;49,071;49,498;49,923;50,341;50,746;51,13;51,489;51,825;52,141;52,444;52,744;53,053;53,377;53,72;54,078;54,445;54,811;55,176;55,544;55,93;56,355;56,83;57,356;57,927;58,524;59,122;59,696;60,227;60,707;61,134;61,517;61,875;62,224;62,572;62,925;63,286
Suriname;SUR;61,534;61,928;62,313;62,696;63,081;63,475;63,881;64,296;64,713;65,129;65,529;65,901;66,236;66,535;66,803;67,06;67,328;67,628;67,968;68,345;68,746;69,149;69,528;69,861;70,141;70,364;70,533;70,665;70,773;70,865;70,946;71,019;71,085;71,145;71,202;71,256;71,302;71,341;71,376;71,415;71,472;71,562;71,695;71,873;72,095;72,352;72,632;72,916;73,19;73,447;73,682;73,894
Swaziland;SWZ;46,243;46,535;46,816;47,093;47,377;47,686;48,035;48,435;48,889;49,397;49,951;50,538;51,14;51,745;52,346;52,948;53,561;54,196;54,855;55,53;56,213;56,891;57,549;58,168;58,733;59,248;59,727;60,17;60,555;60,847;60,98;60,885;60,519;59,866;58,93;57,707;56,205;54,5;52,696;50,894;49,228;47,828;46,76;46,057;45,727;45,747;46,051;46,517;47,03;47,518;47,91;48,158
Sweden;SWE;74,87;75,39;75,43;75,64;75,91;76,1;76,45;76,54;76,37;76,61;77,2;77,4;77,53;77,71;77,9;77,94;77,94;78,54;78,66;78,71;78,85;79,13;79,38;79,63;79,93;79,7;80,03;80,15;79,95;80,8;80,4;80,53;80,78;80,77;81,37;81,45;81,52;81,82;81,9;81,9;82;82,1;82,1;82,4;82,7;82,8;82,9;83;83,2;83,4;83,5;
Switzerland;CHE;74,11;74,59;74,09;74,23;75,11;75,07;75,25;75,72;75,52;75,65;76,16;76,25;76,82;77,05;77,56;78;78,13;78,68;78,66;78,78;78,85;79,13;79,44;79,55;80,03;80,15;80,3;80,66;80,73;80,94;80,71;81,1;81,33;81,43;81,71;81,69;82;82,04;82,5;82,5;82,6;83,1;83,1;83,2;83,7;83,9;84;84,2;84,4;84,4;84,5;
Syrian Arab Republic;SYR;55,011;55,667;56,333;57,01;57,698;58,4;59,117;59,846;60,581;61,317;62,044;62,755;63,442;64,102;64,731;65,329;65,899;66,447;66,981;67,501;68,01;68,508;68,994;69,468;69,929;70,379;70,819;71,248;71,665;72,07;72,461;72,836;73,194;73,534;73,856;74,157;74,438;74,699;74,943;75,172;75,389;75,597;75,798;75,995;76,189;76,381;76,571;76,759;76,941;77,121;77,296;
Tajikistan;TJK;58,651;59,057;59,466;59,877;60,286;60,69;61,084;61,463;61,824;62,163;62,476;62,76;63,018;63,254;63,471;63,677;63,88;64,087;64,3;64,522;64,753;64,995;65,239;65,476;65,699;65,888;66,026;66,107;66,134;66,118;66,076;66,035;66,019;66,051;66,141;66,297;66,517;66,784;67,083;67,402;67,731;68,059;68,38;68,691;68,987;69,268;69,536;69,798;70,059;70,32;70,582;70,844
Tanzania;TZA;45,381;45,638;45,895;46,158;46,432;46,722;47,028;47,349;47,685;48,035;48,406;48,804;49,228;49,672;50,124;50,568;50,983;51,357;51,678;51,942;52,157;52,337;52,497;52,646;52,779;52,878;52,915;52,872;52,745;52,54;52,271;51,957;51,631;51,328;51,072;50,886;50,78;50,756;50,815;50,966;51,222;51,593;52,073;52,654;53,321;54,064;54,87;55,719;56,591;57,462;58,312;59,129
Thailand;THA;57,412;57,988;58,533;59,046;59,528;59,986;60,432;60,878;61,338;61,815;62,308;62,809;63,31;63,813;64,324;64,861;65,444;66,088;66,799;67,577;68,426;69,349;70,324;71,318;72,298;73,217;74,024;74,695;75,216;75,584;75,813;75,932;75,986;76,018;76,049;76,097;76,163;76,236;76,308;76,38;76,454;76,529;76,602;76,676;76,751;76,831;76,92;77,019;77,13;77,253;77,386;77,527
Timor-Leste;TLS;34,31;34,813;35,315;35,818;36,322;36,865;37,492;38,201;38,95;39,671;40,185;40,279;39,861;38,943;37,628;36,17;34,902;34,111;33,978;34,54;35,702;37,25;38,878;40,348;41,568;42,521;43,274;43,977;44,748;45,616;46,592;47,661;48,776;49,894;50,998;52,076;53,123;54,142;55,132;56,081;56,978;57,808;58,569;59,262;59,89;60,464;60,994;61,499;61,991;62,48;62,972;63,468
Togo;TGO;40,811;41,396;41,981;42,564;43,146;43,729;44,315;44,904;45,494;46,08;46,655;47,209;47,739;48,239;48,709;49,153;49,574;49,98;50,38;50,775;51,169;51,562;51,952;52,335;52,711;53,077;53,434;53,78;54,11;54,424;54,715;54,977;55,21;55,415;55,592;55,747;55,884;56,01;56,131;56,251;56,364;56,463;56,545;56,615;56,684;56,774;56,91;57,109;57,379;57,723;58,134;58,598
Tonga;TON;61,72;62,123;62,526;62,931;63,334;63,736;64,135;64,529;64,915;65,292;65,658;66,011;66,349;66,675;66,989;67,294;67,594;67,892;68,19;68,489;68,789;69,092;69,394;69,69;69,976;70,244;70,482;70,688;70,861;71,004;71,123;71,224;71,321;71,424;71,541;71,683;71,855;72,057;72,284;72,533;72,801;73,081;73,365;73,645;73,913;74,162;74,388;74,592;74,775;74,938;75,084;75,216
Trinidad and Tobago;TTO;65,501;66,14;66,669;67,072;67,351;67,519;67,606;67,653;67,699;67,766;67,866;68,001;68,158;68,33;68,519;68,732;68,978;69,258;69,569;69,905;70,258;70,62;70,976;71,317;71,632;71,913;72,157;72,366;72,543;72,687;72,797;72,874;72,922;72,941;72,936;72,899;72,823;72,709;72,565;72,406;72,255;72,141;72,082;72,09;72,168;72,309;72,499;72,714;72,932;73,144;73,346;73,539
Tunisia;TUN;48,848;49,336;49,818;50,296;50,778;51,269;51,777;52,311;52,881;53,495;54,166;54,905;55,711;56,576;57,495;58,46;59,462;60,484;61,508;62,515;63,481;64,387;65,228;66,003;66,716;67,38;68,016;68,645;69,28;69,923;72,1;72,3;72,6;72,7;72,9;73,3;73,5;73,9;74,1;74,6;74,7;75;75,1;75,1;75,3;75,5;76;76,2;76,3;76,5;76,7;
Turkey;TUR;49,978;50,098;50,21;50,316;50,425;50,554;50,72;50,942;51,23;51,592;52,028;52,536;53,1;53,706;54,346;55,014;55,709;56,428;57,166;57,914;58,665;59,413;60,153;60,879;61,588;62,269;62,918;63,537;64,13;64,703;65,267;65,835;66,416;67,017;67,643;68,295;68,973;69,667;70,364;71,053;71,72;72,353;72,943;73,486;73,977;74,415;74,805;75,156;75,476;75,771;76,042;76,289
Turkmenistan;TKM;58,106;58,518;58,934;59,352;59,768;60,18;60,582;60,968;61,336;61,682;62;62,287;62,546;62,781;63;63,213;63,435;63,672;63,93;64,209;64,503;64,804;65,098;65,375;65,625;65,842;66,019;66,158;66,269;66,356;66,434;66,514;66,61;66,727;66,868;67,032;67,208;67,386;67,557;67,716;67,864;68,004;68,142;68,282;68,424;68,562;68,691;68,806;68,909;69,004;69,105;69,224
Turks and Caicos Islands;TCA;;;;;;;;;;;;;;;;;;;;;;;;;;;;;;;;;;;;;;;;;;;;;;;;;;;;
Tuvalu;TUV;;;;;;;;;;;;;;;;;;;;;;;;;;;;;;;;;;;;;;;;;;;;;;;;;;;;
Uganda;UGA;45,593;46,148;46,699;47,244;47,784;48,334;48,915;49,533;50,176;50,821;51,422;51,924;52,289;52,5;52,556;52,48;52,314;52,112;51,922;51,766;51,663;51,621;51,615;51,614;51,597;51,523;51,345;51,044;50,616;50,076;49,447;48,766;48,089;47,472;46,955;46,575;46,356;46,289;46,368;46,592;46,966;47,492;48,147;48,9;49,719;50,568;51,412;52,226;52,987;53,676;54,281;54,799
Ukraine;UKR;73,159;73,474;73,749;73,98;74,167;74,304;74,388;74,421;74,41;74,361;74,284;74,187;74,079;73,971;73,875;73,797;73,745;73,717;73,713;73,733;73,783;73,866;73,977;74,107;74,242;74,362;74,444;74,9;74,8;75,2;74,9;74;74;73;73,2;72,7;72,95;72,95;73,5;73,7;73,6;74,08;74,13;74,06;74,05;73,97;74,06;74,22;74,28;74,86;75,5;
United Arab Emirates;ARE;54,562;55,573;56,624;57,707;58,807;59,907;60,989;62,036;63,032;63,966;64,83;65,62;66,346;67,017;67,636;68,206;68,731;69,213;69,66;70,076;70,467;70,838;71,191;71,527;71,85;72,162;72,461;72,747;73,02;73,279;73,528;73,767;73,998;74,223;74,443;74,659;74,873;75,083;75,289;75,492;75,691;75,884;76,072;76,253;76,431;76,607;76,784;76,965;77,152;77,342;77,535;77,728
United Kingdom;GBR;74,2;73,9;74;73,9;74,8;74,8;74,8;75,3;74,9;75;75,2;75,5;75,3;75,5;75,7;75,9;75,9;76,4;76,3;76,4;76,8;77,1;77,2;77,4;77,8;77,6;77,9;78,2;78,3;78,4;78,8;78,9;79,2;79,1;79,6;79,5;79,7;79,9;79,7;79,9;80,2;80,4;80,5;80,7;81;81,2;81,4;81,6;81,7;82,1;82,4;
United States;USA;73,1;73,6;73,5;73,4;73,7;73,8;73,9;74,3;74,1;74,4;74,7;75;75,1;75,3;75,9;76,6;76,8;77,2;77,3;77,8;77,5;77,9;78,1;78,1;78,2;78,2;78,2;78,3;78,3;78,5;78,8;78,9;79,12;78,8;78,96;78,9;79,08;79,4;79,5;79,4;79,3;79,4;79,5;79,6;79,9;79,9;80,2;80,4;80,5;80,6;80,7;
Uruguay;URY;70,961;71,175;71,36;71,508;71,62;71,695;71,74;71,766;71,787;71,813;71,855;71,92;72,013;72,134;72,287;72,472;72,691;72,937;73,202;73,481;73,767;74,054;74,338;74,615;74,883;75,138;75,383;75,619;75,85;76,077;76,299;76,519;76,735;76,949;77,161;77,371;77,6;77,72;77,98;78,4;79,01;78,77;78,77;78,79;78,94;79,42;79,52;79,63;79,73;79,84;79,94;
Uzbekistan;UZB;62,496;62,908;63,323;63,74;64,156;64,566;64,965;65,35;65,715;66,059;66,375;66,66;66,917;67,15;67,366;67,578;67,799;68,038;68,299;68,58;68,878;69,189;69,496;69,783;70,035;70,225;70,33;70,343;70,272;70,132;69,953;69,773;69,627;69,543;69,531;69,589;69,703;69,842;69,98;70,107;70,211;70,287;70,342;70,386;70,425;70,474;70,546;70,654;70,802;70,99;71,214;
Vanuatu;VUT;47,979;48,575;49,171;49,766;50,364;50,964;51,569;52,18;52,796;53,417;54,042;54,67;55,299;55,927;56,554;57,182;57,818;58,463;59,113;59,758;60,382;60,966;61,497;61,973;62,395;62,775;63,131;63,484;63,854;64,248;64,673;65,127;65,598;66,078;66,56;67,041;67,517;67,985;68,444;68,889;69,319;69,733;70,13;70,513;70,881;71,236;71,579;71,912;72,235;72,55;72,857;73,155
Venezuela, RB;VEN;60,191;60,811;61,438;62,07;62,706;63,339;63,966;64,582;65,185;65,773;66,348;66,915;67,477;68,035;68,585;69,118;69,625;70,098;70,533;70,929;71,289;71,622;71,935;72,238;72,532;72,819;73,095;73,356;73,6;73,824;74,029;74,216;74,387;74,73;74,93;75,13;75,34;75,53;75,7;75,84;76,23;76,4;76,6;75,81;76,01;76,21;76,41;76,61;76,8;76,99;77,18;
Vietnam;VNM;46,006;46,596;47,202;47,816;48,424;48,981;49,434;49,762;49,97;50,087;50,171;50,3;50,547;50,966;51,58;52,401;53,415;54,563;55,782;57,028;58,251;59,404;60,471;61,446;62,327;63,138;63,92;64,718;65,558;66,443;67,353;68,255;69,109;69,885;70,576;71,188;71,739;72,257;72,763;73,263;73,751;74,216;74,642;75,02;75,352;75,643;75,904;76,146;76,382;76,618;76,855;
Virgin Islands (U.S.);VIR;65,905;66,367;66,812;67,254;67,704;68,169;68,654;69,152;69,656;70,164;70,671;71,173;71,665;72,141;72,597;73,026;73,423;73,791;74,133;74,457;74,777;75,109;75,461;75,842;76,249;76,679;77,12;77,558;77,978;78,373;78,736;79,067;79,369;79,647;79,901;80,131;80,335;80,517;80,68;80,827;80,418;80,009;79,6;80,29333333;80,98666667;81,68;81,82;81,97;82,062;82,185;82,3;
West Bank and Gaza;PSE;;;;;;;;;;;;;;;;;;;;;;;;;;;;;;;69,634;69,968;70,29;70,604;70,915;71,219;71,51;71,783;72,032;72,258;72,464;72,652;72,83;73,004;73,178;73,355;73,539;73,728;73,921;74,118;74,316;
Yemen, Rep.;YEM;38,75;39,03;39,307;39,583;39,858;40,122;40,364;40,584;40,798;41,025;41,306;41,682;42,181;42,82;43,6;44,514;45,542;46,642;47,772;48,899;50;51,059;52,074;53,035;53,928;54,732;55,432;56,03;56,536;56,958;57,307;57,597;57,851;58,095;58,35;58,643;58,993;59,404;59,874;60,401;60,977;61,589;62,215;62,837;63,442;64,022;64,573;65,1;65,607;66,095;66,565;67,02
Zambia;ZMB;46,672;47,041;47,4;47,752;48,103;48,463;48,847;49,259;49,7;50,164;50,643;51,123;51,588;52,02;52,408;52,748;53,042;53,292;53,498;53,65;53,739;53,756;53,691;53,534;53,274;52,888;52,35;51,662;50,842;49,918;48,924;47,9;46,892;45,944;45,09;44,344;43,702;43,152;42,693;42,348;42,166;42,206;42,488;43,003;43,725;44,6;45,561;46,528;47,433;48,233;48,897;49,417
Zimbabwe;ZWE;53,182;53,555;53,92;54,275;54,624;54,965;55,299;55,628;55,955;56,284;56,618;56,961;57,314;57,682;58,067;58,48;58,931;59,419;59,936;60,471;61,02;61,58;62,131;62,643;63,078;63,404;63,594;63,621;63,456;63,064;62,38;61,337;59,939;58,228;56,267;54,132;51,911;49,718;47,67;45,869;44,409;43,351;42,685;42,388;42,456;42,892;43,682;44,765;46,058;47,485;48,963;50,42